w,welcome
we,welcome
wel,welcome
welc,welcome
welco,welcome
welcom,welcome
welcome,welcome
t,to
to,to
t,the
th,the
the,the
w,world
wo,world
wor,world
worl,world
world,world
o,of
of,of
f,free
fr,free
fre,free
free,free
p,plain
pl,plain
pla,plain
plai,plain
plain,plain
v,vanilla
va,vanilla
van,vanilla
vani,vanilla
vanil,vanilla
vanill,vanilla
vanilla,vanilla
e,electronic
el,electronic
ele,electronic
elec,electronic
elect,electronic
electr,electronic
electro,electronic
electron,electronic
electroni,electronic
electronic,electronic
t,texts
te,texts
tex,texts
text,texts
texts,texts
e,etexts
et,etexts
ete,etexts
etex,etexts
etext,etexts
etexts,etexts
r,readable
re,readable
rea,readable
read,readable
reada,readable
readab,readable
readabl,readable
readable,readable
b,by
by,by
b,both
bo,both
bot,both
both,both
h,humans
hu,humans
hum,humans
huma,humans
human,humans
humans,humans
a,and
an,and
and,and
b,by
by,by
c,computers
co,computers
com,computers
comp,computers
compu,computers
comput,computers
compute,computers
computer,computers
computers,computers
s,since
si,since
sin,since
sinc,since
since,since
1,1971
19,1971
197,1971
1971,1971
t,these
th,these
the,these
thes,these
these,these
e,etexts
et,etexts
ete,etexts
etex,etexts
etext,etexts
etexts,etexts
p,prepared
pr,prepared
pre,prepared
prep,prepared
prepa,prepared
prepar,prepared
prepare,prepared
prepared,prepared
b,by
by,by
h,hundreds
hu,hundreds
hun,hundreds
hund,hundreds
hundr,hundreds
hundre,hundreds
hundred,hundreds
hundreds,hundreds
o,of
of,of
v,volunteers
vo,volunteers
vol,volunteers
volu,volunteers
volun,volunteers
volunt,volunteers
volunte,volunteers
voluntee,volunteers
volunteer,volunteers
volunteers,volunteers
a,and
an,and
and,and
d,donations
do,donations
don,donations
dona,donations
donat,donations
donati,donations
donatio,donations
donation,donations
donations,donations
d,december
de,december
dec,december
dece,december
decem,december
decemb,december
decembe,december
december,december
1,1972
19,1972
197,1972
1972,1972
e,etext
et,etext
ete,etext
etex,etext
etext,etext
2,2
t,the
th,the
the,the
p,project
pr,project
pro,project
proj,project
proje,project
projec,project
project,project
g,gutenberg
gu,gutenberg
gut,gutenberg
gute,gutenberg
guten,gutenberg
gutenb,gutenberg
gutenbe,gutenberg
gutenber,gutenberg
gutenberg,gutenberg
e,etext
et,etext
ete,etext
etex,etext
etext,etext
o,of
of,of
t,the
th,the
the,the
u,u
s,s
b,bill
bi,bill
bil,bill
bill,bill
o,of
of,of
r,rights
ri,rights
rig,rights
righ,rights
right,rights
rights,rights
t,this
th,this
thi,this
this,this
f,file
fi,file
fil,file
file,file
s,should
sh,should
sho,should
shou,should
shoul,should
should,should
b,be
be,be
n,named
na,named
nam,named
name,named
named,named
b,bill11
bi,bill11
bil,bill11
bill,bill11
bill1,bill11
bill11,bill11
t,txt
tx,txt
txt,txt
o,or
or,or
b,bill11
bi,bill11
bil,bill11
bill,bill11
bill1,bill11
bill11,bill11
z,zip
zi,zip
zip,zip
c,corrected
co,corrected
cor,corrected
corr,corrected
corre,corrected
correc,corrected
correct,corrected
correcte,corrected
corrected,corrected
e,editions
ed,editions
edi,editions
edit,editions
editi,editions
editio,editions
edition,editions
editions,editions
o,of
of,of
o,our
ou,our
our,our
e,etexts
et,etexts
ete,etexts
etex,etexts
etext,etexts
etexts,etexts
g,get
ge,get
get,get
a,a
n,new
ne,new
new,new
n,number
nu,number
num,number
numb,number
numbe,number
number,number
b,bill12
bi,bill12
bil,bill12
bill,bill12
bill1,bill12
bill12,bill12
t,txt
tx,txt
txt,txt
v,versions
ve,versions
ver,versions
vers,versions
versi,versions
versio,versions
version,versions
versions,versions
b,based
ba,based
bas,based
base,based
based,based
o,on
on,on
s,separate
se,separate
sep,separate
sepa,separate
separ,separate
separa,separate
separat,separate
separate,separate
s,sources
so,sources
sou,sources
sour,sources
sourc,sources
source,sources
sources,sources
g,get
ge,get
get,get
n,new
ne,new
new,new
l,letter
le,letter
let,letter
lett,letter
lette,letter
letter,letter
b,bill10a
bi,bill10a
bil,bill10a
bill,bill10a
bill1,bill10a
bill10,bill10a
bill10a,bill10a
t,txt
tx,txt
txt,txt
w,we
we,we
a,apologize
ap,apologize
apo,apologize
apol,apologize
apolo,apologize
apolog,apologize
apologi,apologize
apologiz,apologize
apologize,apologize
f,for
fo,for
for,for
t,the
th,the
the,the
f,fact
fa,fact
fac,fact
fact,fact
t,that
th,that
tha,that
that,that
t,the
th,the
the,the
l,legal
le,legal
leg,legal
lega,legal
legal,legal
s,small
sm,small
sma,small
smal,small
small,small
p,print
pr,print
pri,print
prin,print
print,print
i,is
is,is
l,longer
lo,longer
lon,longer
long,longer
longe,longer
longer,longer
a,and
an,and
and,and
m,more
mo,more
mor,more
more,more
c,complicated
co,complicated
com,complicated
comp,complicated
compl,complicated
compli,complicated
complic,complicated
complica,complicated
complicat,complicated
complicate,complicated
complicated,complicated
t,than
th,than
tha,than
than,than
t,the
th,the
the,the
e,etext
et,etext
ete,etext
etex,etext
etext,etext
i,itself
it,itself
its,itself
itse,itself
itsel,itself
itself,itself
o,our
ou,our
our,our
l,legal
le,legal
leg,legal
lega,legal
legal,legal
b,beagles
be,beagles
bea,beagles
beag,beagles
beagl,beagles
beagle,beagles
beagles,beagles
o,of
of,of
w,whom
wh,whom
who,whom
whom,whom
t,there
th,there
the,there
ther,there
there,there
a,are
ar,are
are,are
n,now
no,now
now,now
a,a
h,half
ha,half
hal,half
half,half
d,dozen
do,dozen
doz,dozen
doze,dozen
dozen,dozen
o,or
or,or
s,so
so,so
i,insist
in,insist
ins,insist
insi,insist
insis,insist
insist,insist
t,this
th,this
thi,this
this,this
m,must
mu,must
mus,must
must,must
b,be
be,be
a,a
p,part
pa,part
par,part
part,part
o,of
of,of
a,any
an,any
any,any
p,project
pr,project
pro,project
proj,project
proje,project
projec,project
project,project
g,gutenberg
gu,gutenberg
gut,gutenberg
gute,gutenberg
guten,gutenberg
gutenb,gutenberg
gutenbe,gutenberg
gutenber,gutenberg
gutenberg,gutenberg
e,etext
et,etext
ete,etext
etex,etext
etext,etext
w,we
we,we
p,post
po,post
pos,post
post,post
f,for
fo,for
for,for
o,our
ou,our
our,our
p,protection
pr,protection
pro,protection
prot,protection
prote,protection
protec,protection
protect,protection
protecti,protection
protectio,protection
protection,protection
f,from
fr,from
fro,from
from,from
t,the
th,the
the,the
r,rest
re,rest
res,rest
rest,rest
o,of
of,of
t,the
th,the
the,the
l,legal
le,legal
leg,legal
lega,legal
legal,legal
b,beagles
be,beagles
bea,beagles
beag,beagles
beagl,beagles
beagle,beagles
beagles,beagles
o,out
ou,out
out,out
t,there
th,there
the,there
ther,there
there,there
t,the
th,the
the,the
u,us
us,us
h,has
ha,has
has,has
t,twice
tw,twice
twi,twice
twic,twice
twice,twice
a,as
as,as
m,many
ma,many
man,many
many,many
l,lawyers
la,lawyers
law,lawyers
lawy,lawyers
lawye,lawyers
lawyer,lawyers
lawyers,lawyers
a,as
as,as
t,the
th,the
the,the
r,rest
re,rest
res,rest
rest,rest
o,of
of,of
t,the
th,the
the,the
w,world
wo,world
wor,world
worl,world
world,world
c,combined
co,combined
com,combined
comb,combined
combi,combined
combin,combined
combine,combined
combined,combined
y,you
yo,you
you,you
a,are
ar,are
are,are
f,free
fr,free
fre,free
free,free
t,to
to,to
d,delete
de,delete
del,delete
dele,delete
delet,delete
delete,delete
t,the
th,the
the,the
h,headers
he,headers
hea,headers
head,headers
heade,headers
header,headers
headers,headers
a,and
an,and
and,and
j,just
ju,just
jus,just
just,just
k,keep
ke,keep
kee,keep
keep,keep
t,the
th,the
the,the
e,etexts
et,etexts
ete,etexts
etex,etexts
etext,etexts
etexts,etexts
w,we
we,we
a,are
ar,are
are,are
n,not
no,not
not,not
f,free
fr,free
fre,free
free,free
n,not
no,not
not,not
t,to
to,to
p,post
po,post
pos,post
post,post
i,it
it,it
t,this
th,this
thi,this
this,this
w,way
wa,way
way,way
a,again
ag,again
aga,again
agai,again
again,again
m,my
my,my
a,apologies
ap,apologies
apo,apologies
apol,apologies
apolo,apologies
apolog,apologies
apologi,apologies
apologie,apologies
apologies,apologies
t,the
th,the
the,the
n,normal
no,normal
nor,normal
norm,normal
norma,normal
normal,normal
p,project
pr,project
pro,project
proj,project
proje,project
projec,project
project,project
g,gutenberg
gu,gutenberg
gut,gutenberg
gute,gutenberg
guten,gutenberg
gutenb,gutenberg
gutenbe,gutenberg
gutenber,gutenberg
gutenberg,gutenberg
b,blurb
bl,blurb
blu,blurb
blur,blurb
blurb,blurb
h,has
ha,has
has,has
b,been
be,been
bee,been
been,been
d,deleted
de,deleted
del,deleted
dele,deleted
delet,deleted
delete,deleted
deleted,deleted
y,you
yo,you
you,you
c,can
ca,can
can,can
g,get
ge,get
get,get
i,it
it,it
i,in
in,in
t,this
th,this
thi,this
this,this
l,location
lo,location
loc,location
loca,location
locat,location
locati,location
locatio,location
location,location
i,in
in,in
m,most
mo,most
mos,most
most,most
p,project
pr,project
pro,project
proj,project
proje,project
projec,project
project,project
g,gutenberg
gu,gutenberg
gut,gutenberg
gute,gutenberg
guten,gutenberg
gutenb,gutenberg
gutenbe,gutenberg
gutenber,gutenberg
gutenberg,gutenberg
e,etexts
et,etexts
ete,etexts
etex,etexts
etext,etexts
etexts,etexts
t,thanks
th,thanks
tha,thanks
than,thanks
thank,thanks
thanks,thanks
m,mh
mh,mh
s,start
st,start
sta,start
star,start
start,start
t,the
th,the
the,the
s,small
sm,small
sma,small
smal,small
small,small
p,print
pr,print
pri,print
prin,print
print,print
f,for
fo,for
for,for
p,public
pu,public
pub,public
publ,public
publi,public
public,public
d,domain
do,domain
dom,domain
doma,domain
domai,domain
domain,domain
e,etexts
et,etexts
ete,etexts
etex,etexts
etext,etexts
etexts,etexts
s,start
st,start
sta,start
star,start
start,start
w,why
wh,why
why,why
i,is
is,is
t,this
th,this
thi,this
this,this
s,small
sm,small
sma,small
smal,small
small,small
p,print
pr,print
pri,print
prin,print
print,print
s,statement
st,statement
sta,statement
stat,statement
state,statement
statem,statement
stateme,statement
statemen,statement
statement,statement
h,here
he,here
her,here
here,here
y,you
yo,you
you,you
k,know
kn,know
kno,know
know,know
l,lawyers
la,lawyers
law,lawyers
lawy,lawyers
lawye,lawyers
lawyer,lawyers
lawyers,lawyers
t,they
th,they
the,they
they,they
t,tell
te,tell
tel,tell
tell,tell
u,us
us,us
y,you
yo,you
you,you
m,might
mi,might
mig,might
migh,might
might,might
s,sue
su,sue
sue,sue
u,us
us,us
i,if
if,if
t,there
th,there
the,there
ther,there
there,there
i,is
is,is
s,something
so,something
som,something
some,something
somet,something
someth,something
somethi,something
somethin,something
something,something
w,wrong
wr,wrong
wro,wrong
wron,wrong
wrong,wrong
w,with
wi,with
wit,with
with,with
y,your
yo,your
you,your
your,your
c,copy
co,copy
cop,copy
copy,copy
o,of
of,of
t,this
th,this
thi,this
this,this
e,etext
et,etext
ete,etext
etex,etext
etext,etext
e,even
ev,even
eve,even
even,even
i,if
if,if
y,you
yo,you
you,you
g,got
go,got
got,got
i,it
it,it
f,for
fo,for
for,for
f,free
fr,free
fre,free
free,free
f,from
fr,from
fro,from
from,from
s,someone
so,someone
som,someone
some,someone
someo,someone
someon,someone
someone,someone
o,other
ot,other
oth,other
othe,other
other,other
t,than
th,than
tha,than
than,than
u,us
us,us
a,and
an,and
and,and
e,even
ev,even
eve,even
even,even
i,if
if,if
w,what
wh,what
wha,what
what,what
s,s
w,wrong
wr,wrong
wro,wrong
wron,wrong
wrong,wrong
i,is
is,is
n,not
no,not
not,not
o,our
ou,our
our,our
f,fault
fa,fault
fau,fault
faul,fault
fault,fault
s,so
so,so
a,among
am,among
amo,among
amon,among
among,among
o,other
ot,other
oth,other
othe,other
other,other
t,things
th,things
thi,things
thin,things
thing,things
things,things
t,this
th,this
thi,this
this,this
s,small
sm,small
sma,small
smal,small
small,small
p,print
pr,print
pri,print
prin,print
print,print
s,statement
st,statement
sta,statement
stat,statement
state,statement
statem,statement
stateme,statement
statemen,statement
statement,statement
d,disclaims
di,disclaims
dis,disclaims
disc,disclaims
discl,disclaims
discla,disclaims
disclai,disclaims
disclaim,disclaims
disclaims,disclaims
m,most
mo,most
mos,most
most,most
o,of
of,of
o,our
ou,our
our,our
l,liability
li,liability
lia,liability
liab,liability
liabi,liability
liabil,liability
liabili,liability
liabilit,liability
liability,liability
t,to
to,to
y,you
yo,you
you,you
i,it
it,it
a,also
al,also
als,also
also,also
t,tells
te,tells
tel,tells
tell,tells
tells,tells
y,you
yo,you
you,you
h,how
ho,how
how,how
y,you
yo,you
you,you
c,can
ca,can
can,can
d,distribute
di,distribute
dis,distribute
dist,distribute
distr,distribute
distri,distribute
distrib,distribute
distribu,distribute
distribut,distribute
distribute,distribute
c,copies
co,copies
cop,copies
copi,copies
copie,copies
copies,copies
o,of
of,of
t,this
th,this
thi,this
this,this
e,etext
et,etext
ete,etext
etex,etext
etext,etext
i,if
if,if
y,you
yo,you
you,you
w,want
wa,want
wan,want
want,want
t,to
to,to
b,before
be,before
bef,before
befo,before
befor,before
before,before
y,you
yo,you
you,you
u,use
us,use
use,use
o,or
or,or
r,read
re,read
rea,read
read,read
t,this
th,this
thi,this
this,this
e,etext
et,etext
ete,etext
etex,etext
etext,etext
b,by
by,by
u,using
us,using
usi,using
usin,using
using,using
o,or
or,or
r,reading
re,reading
rea,reading
read,reading
readi,reading
readin,reading
reading,reading
a,any
an,any
any,any
p,part
pa,part
par,part
part,part
o,of
of,of
t,this
th,this
thi,this
this,this
p,project
pr,project
pro,project
proj,project
proje,project
projec,project
project,project
g,gutenberg
gu,gutenberg
gut,gutenberg
gute,gutenberg
guten,gutenberg
gutenb,gutenberg
gutenbe,gutenberg
gutenber,gutenberg
gutenberg,gutenberg
t,tm
tm,tm
e,etext
et,etext
ete,etext
etex,etext
etext,etext
y,you
yo,you
you,you
i,indicate
in,indicate
ind,indicate
indi,indicate
indic,indicate
indica,indicate
indicat,indicate
indicate,indicate
t,that
th,that
tha,that
that,that
y,you
yo,you
you,you
u,understand
un,understand
und,understand
unde,understand
under,understand
unders,understand
underst,understand
understa,understand
understan,understand
understand,understand
a,agree
ag,agree
agr,agree
agre,agree
agree,agree
t,to
to,to
a,and
an,and
and,and
a,accept
ac,accept
acc,accept
acce,accept
accep,accept
accept,accept
t,this
th,this
thi,this
this,this
s,small
sm,small
sma,small
smal,small
small,small
p,print
pr,print
pri,print
prin,print
print,print
s,statement
st,statement
sta,statement
stat,statement
state,statement
statem,statement
stateme,statement
statemen,statement
statement,statement
i,if
if,if
y,you
yo,you
you,you
d,do
do,do
n,not
no,not
not,not
y,you
yo,you
you,you
c,can
ca,can
can,can
r,receive
re,receive
rec,receive
rece,receive
recei,receive
receiv,receive
receive,receive
a,a
r,refund
re,refund
ref,refund
refu,refund
refun,refund
refund,refund
o,of
of,of
t,the
th,the
the,the
m,money
mo,money
mon,money
mone,money
money,money
i,if
if,if
a,any
an,any
any,any
y,you
yo,you
you,you
p,paid
pa,paid
pai,paid
paid,paid
f,for
fo,for
for,for
t,this
th,this
thi,this
this,this
e,etext
et,etext
ete,etext
etex,etext
etext,etext
b,by
by,by
s,sending
se,sending
sen,sending
send,sending
sendi,sending
sendin,sending
sending,sending
a,a
r,request
re,request
req,request
requ,request
reque,request
reques,request
request,request
w,within
wi,within
wit,within
with,within
withi,within
within,within
3,30
30,30
d,days
da,days
day,days
days,days
o,of
of,of
r,receiving
re,receiving
rec,receiving
rece,receiving
recei,receiving
receiv,receiving
receivi,receiving
receivin,receiving
receiving,receiving
i,it
it,it
t,to
to,to
t,the
th,the
the,the
p,person
pe,person
per,person
pers,person
perso,person
person,person
y,you
yo,you
you,you
g,got
go,got
got,got
i,it
it,it
f,from
fr,from
fro,from
from,from
i,if
if,if
y,you
yo,you
you,you
r,received
re,received
rec,received
rece,received
recei,received
receiv,received
receive,received
received,received
t,this
th,this
thi,this
this,this
e,etext
et,etext
ete,etext
etex,etext
etext,etext
o,on
on,on
a,a
p,physical
ph,physical
phy,physical
phys,physical
physi,physical
physic,physical
physica,physical
physical,physical
m,medium
me,medium
med,medium
medi,medium
mediu,medium
medium,medium
s,such
su,such
suc,such
such,such
a,as
as,as
a,a
d,disk
di,disk
dis,disk
disk,disk
y,you
yo,you
you,you
m,must
mu,must
mus,must
must,must
r,return
re,return
ret,return
retu,return
retur,return
return,return
i,it
it,it
w,with
wi,with
wit,with
with,with
y,your
yo,your
you,your
your,your
r,request
re,request
req,request
requ,request
reque,request
reques,request
request,request
a,about
ab,about
abo,about
abou,about
about,about
p,project
pr,project
pro,project
proj,project
proje,project
projec,project
project,project
g,gutenberg
gu,gutenberg
gut,gutenberg
gute,gutenberg
guten,gutenberg
gutenb,gutenberg
gutenbe,gutenberg
gutenber,gutenberg
gutenberg,gutenberg
t,tm
tm,tm
e,etexts
et,etexts
ete,etexts
etex,etexts
etext,etexts
etexts,etexts
t,this
th,this
thi,this
this,this
p,project
pr,project
pro,project
proj,project
proje,project
projec,project
project,project
g,gutenberg
gu,gutenberg
gut,gutenberg
gute,gutenberg
guten,gutenberg
gutenb,gutenberg
gutenbe,gutenberg
gutenber,gutenberg
gutenberg,gutenberg
t,tm
tm,tm
e,etext
et,etext
ete,etext
etex,etext
etext,etext
l,like
li,like
lik,like
like,like
m,most
mo,most
mos,most
most,most
p,project
pr,project
pro,project
proj,project
proje,project
projec,project
project,project
g,gutenberg
gu,gutenberg
gut,gutenberg
gute,gutenberg
guten,gutenberg
gutenb,gutenberg
gutenbe,gutenberg
gutenber,gutenberg
gutenberg,gutenberg
t,tm
tm,tm
e,etexts
et,etexts
ete,etexts
etex,etexts
etext,etexts
etexts,etexts
i,is
is,is
a,a
p,public
pu,public
pub,public
publ,public
publi,public
public,public
d,domain
do,domain
dom,domain
doma,domain
domai,domain
domain,domain
w,work
wo,work
wor,work
work,work
d,distributed
di,distributed
dis,distributed
dist,distributed
distr,distributed
distri,distributed
distrib,distributed
distribu,distributed
distribut,distributed
distribute,distributed
distributed,distributed
b,by
by,by
p,professor
pr,professor
pro,professor
prof,professor
profe,professor
profes,professor
profess,professor
professo,professor
professor,professor
m,michael
mi,michael
mic,michael
mich,michael
micha,michael
michae,michael
michael,michael
s,s
h,hart
ha,hart
har,hart
hart,hart
t,through
th,through
thr,through
thro,through
throu,through
throug,through
through,through
t,the
th,the
the,the
p,project
pr,project
pro,project
proj,project
proje,project
projec,project
project,project
g,gutenberg
gu,gutenberg
gut,gutenberg
gute,gutenberg
guten,gutenberg
gutenb,gutenberg
gutenbe,gutenberg
gutenber,gutenberg
gutenberg,gutenberg
a,association
as,association
ass,association
asso,association
assoc,association
associ,association
associa,association
associat,association
associati,association
associatio,association
association,association
a,at
at,at
i,illinois
il,illinois
ill,illinois
illi,illinois
illin,illinois
illino,illinois
illinoi,illinois
illinois,illinois
b,benedictine
be,benedictine
ben,benedictine
bene,benedictine
bened,benedictine
benedi,benedictine
benedic,benedictine
benedict,benedictine
benedicti,benedictine
benedictin,benedictine
benedictine,benedictine
c,college
co,college
col,college
coll,college
colle,college
colleg,college
college,college
t,the
th,the
the,the
p,project
pr,project
pro,project
proj,project
proje,project
projec,project
project,project
a,among
am,among
amo,among
amon,among
among,among
o,other
ot,other
oth,other
othe,other
other,other
t,things
th,things
thi,things
thin,things
thing,things
things,things
t,this
th,this
thi,this
this,this
m,means
me,means
mea,means
mean,means
means,means
t,that
th,that
tha,that
that,that
n,no
no,no
o,one
on,one
one,one
o,owns
ow,owns
own,owns
owns,owns
a,a
u,united
un,united
uni,united
unit,united
unite,united
united,united
s,states
st,states
sta,states
stat,states
state,states
states,states
c,copyright
co,copyright
cop,copyright
copy,copyright
copyr,copyright
copyri,copyright
copyrig,copyright
copyrigh,copyright
copyright,copyright
o,on
on,on
o,or
or,or
f,for
fo,for
for,for
t,this
th,this
thi,this
this,this
w,work
wo,work
wor,work
work,work
s,so
so,so
t,the
th,the
the,the
p,project
pr,project
pro,project
proj,project
proje,project
projec,project
project,project
a,and
an,and
and,and
y,you
yo,you
you,you
c,can
ca,can
can,can
c,copy
co,copy
cop,copy
copy,copy
a,and
an,and
and,and
d,distribute
di,distribute
dis,distribute
dist,distribute
distr,distribute
distri,distribute
distrib,distribute
distribu,distribute
distribut,distribute
distribute,distribute
i,it
it,it
i,in
in,in
t,the
th,the
the,the
u,united
un,united
uni,united
unit,united
unite,united
united,united
s,states
st,states
sta,states
stat,states
state,states
states,states
w,without
wi,without
wit,without
with,without
witho,without
withou,without
without,without
p,permission
pe,permission
per,permission
perm,permission
permi,permission
permis,permission
permiss,permission
permissi,permission
permissio,permission
permission,permission
a,and
an,and
and,and
w,without
wi,without
wit,without
with,without
witho,without
withou,without
without,without
p,paying
pa,paying
pay,paying
payi,paying
payin,paying
paying,paying
c,copyright
co,copyright
cop,copyright
copy,copyright
copyr,copyright
copyri,copyright
copyrig,copyright
copyrigh,copyright
copyright,copyright
r,royalties
ro,royalties
roy,royalties
roya,royalties
royal,royalties
royalt,royalties
royalti,royalties
royaltie,royalties
royalties,royalties
s,special
sp,special
spe,special
spec,special
speci,special
specia,special
special,special
r,rules
ru,rules
rul,rules
rule,rules
rules,rules
s,set
se,set
set,set
f,forth
fo,forth
for,forth
fort,forth
forth,forth
b,below
be,below
bel,below
belo,below
below,below
a,apply
ap,apply
app,apply
appl,apply
apply,apply
i,if
if,if
y,you
yo,you
you,you
w,wish
wi,wish
wis,wish
wish,wish
t,to
to,to
c,copy
co,copy
cop,copy
copy,copy
a,and
an,and
and,and
d,distribute
di,distribute
dis,distribute
dist,distribute
distr,distribute
distri,distribute
distrib,distribute
distribu,distribute
distribut,distribute
distribute,distribute
t,this
th,this
thi,this
this,this
e,etext
et,etext
ete,etext
etex,etext
etext,etext
u,under
un,under
und,under
unde,under
under,under
t,the
th,the
the,the
p,project
pr,project
pro,project
proj,project
proje,project
projec,project
project,project
s,s
p,project
pr,project
pro,project
proj,project
proje,project
projec,project
project,project
g,gutenberg
gu,gutenberg
gut,gutenberg
gute,gutenberg
guten,gutenberg
gutenb,gutenberg
gutenbe,gutenberg
gutenber,gutenberg
gutenberg,gutenberg
t,trademark
tr,trademark
tra,trademark
trad,trademark
trade,trademark
tradem,trademark
tradema,trademark
trademar,trademark
trademark,trademark
t,to
to,to
c,create
cr,create
cre,create
crea,create
creat,create
create,create
t,these
th,these
the,these
thes,these
these,these
e,etexts
et,etexts
ete,etexts
etex,etexts
etext,etexts
etexts,etexts
t,the
th,the
the,the
p,project
pr,project
pro,project
proj,project
proje,project
projec,project
project,project
e,expends
ex,expends
exp,expends
expe,expends
expen,expends
expend,expends
expends,expends
c,considerable
co,considerable
con,considerable
cons,considerable
consi,considerable
consid,considerable
conside,considerable
consider,considerable
considera,considerable
considerab,considerable
considerabl,considerable
considerable,considerable
e,efforts
ef,efforts
eff,efforts
effo,efforts
effor,efforts
effort,efforts
efforts,efforts
t,to
to,to
i,identify
id,identify
ide,identify
iden,identify
ident,identify
identi,identify
identif,identify
identify,identify
t,transcribe
tr,transcribe
tra,transcribe
tran,transcribe
trans,transcribe
transc,transcribe
transcr,transcribe
transcri,transcribe
transcrib,transcribe
transcribe,transcribe
a,and
an,and
and,and
p,proofread
pr,proofread
pro,proofread
proo,proofread
proof,proofread
proofr,proofread
proofre,proofread
proofrea,proofread
proofread,proofread
p,public
pu,public
pub,public
publ,public
publi,public
public,public
d,domain
do,domain
dom,domain
doma,domain
domai,domain
domain,domain
w,works
wo,works
wor,works
work,works
works,works
d,despite
de,despite
des,despite
desp,despite
despi,despite
despit,despite
despite,despite
t,these
th,these
the,these
thes,these
these,these
e,efforts
ef,efforts
eff,efforts
effo,efforts
effor,efforts
effort,efforts
efforts,efforts
t,the
th,the
the,the
p,project
pr,project
pro,project
proj,project
proje,project
projec,project
project,project
s,s
e,etexts
et,etexts
ete,etexts
etex,etexts
etext,etexts
etexts,etexts
a,and
an,and
and,and
a,any
an,any
any,any
m,medium
me,medium
med,medium
medi,medium
mediu,medium
medium,medium
t,they
th,they
the,they
they,they
m,may
ma,may
may,may
b,be
be,be
o,on
on,on
m,may
ma,may
may,may
c,contain
co,contain
con,contain
cont,contain
conta,contain
contai,contain
contain,contain
d,defects
de,defects
def,defects
defe,defects
defec,defects
defect,defects
defects,defects
a,among
am,among
amo,among
amon,among
among,among
o,other
ot,other
oth,other
othe,other
other,other
t,things
th,things
thi,things
thin,things
thing,things
things,things
d,defects
de,defects
def,defects
defe,defects
defec,defects
defect,defects
defects,defects
m,may
ma,may
may,may
t,take
ta,take
tak,take
take,take
t,the
th,the
the,the
f,form
fo,form
for,form
form,form
o,of
of,of
i,incomplete
in,incomplete
inc,incomplete
inco,incomplete
incom,incomplete
incomp,incomplete
incompl,incomplete
incomple,incomplete
incomplet,incomplete
incomplete,incomplete
i,inaccurate
in,inaccurate
ina,inaccurate
inac,inaccurate
inacc,inaccurate
inaccu,inaccurate
inaccur,inaccurate
inaccura,inaccurate
inaccurat,inaccurate
inaccurate,inaccurate
o,or
or,or
c,corrupt
co,corrupt
cor,corrupt
corr,corrupt
corru,corrupt
corrup,corrupt
corrupt,corrupt
d,data
da,data
dat,data
data,data
t,transcription
tr,transcription
tra,transcription
tran,transcription
trans,transcription
transc,transcription
transcr,transcription
transcri,transcription
transcrip,transcription
transcript,transcription
transcripti,transcription
transcriptio,transcription
transcription,transcription
e,errors
er,errors
err,errors
erro,errors
error,errors
errors,errors
a,a
c,copyright
co,copyright
cop,copyright
copy,copyright
copyr,copyright
copyri,copyright
copyrig,copyright
copyrigh,copyright
copyright,copyright
o,or
or,or
o,other
ot,other
oth,other
othe,other
other,other
i,intellectual
in,intellectual
int,intellectual
inte,intellectual
intel,intellectual
intell,intellectual
intelle,intellectual
intellec,intellectual
intellect,intellectual
intellectu,intellectual
intellectua,intellectual
intellectual,intellectual
p,property
pr,property
pro,property
prop,property
prope,property
proper,property
propert,property
property,property
i,infringement
in,infringement
inf,infringement
infr,infringement
infri,infringement
infrin,infringement
infring,infringement
infringe,infringement
infringem,infringement
infringeme,infringement
infringemen,infringement
infringement,infringement
a,a
d,defective
de,defective
def,defective
defe,defective
defec,defective
defect,defective
defecti,defective
defectiv,defective
defective,defective
o,or
or,or
d,damaged
da,damaged
dam,damaged
dama,damaged
damag,damaged
damage,damaged
damaged,damaged
d,disk
di,disk
dis,disk
disk,disk
o,or
or,or
o,other
ot,other
oth,other
othe,other
other,other
e,etext
et,etext
ete,etext
etex,etext
etext,etext
m,medium
me,medium
med,medium
medi,medium
mediu,medium
medium,medium
a,a
c,computer
co,computer
com,computer
comp,computer
compu,computer
comput,computer
compute,computer
computer,computer
v,virus
vi,virus
vir,virus
viru,virus
virus,virus
o,or
or,or
c,computer
co,computer
com,computer
comp,computer
compu,computer
comput,computer
compute,computer
computer,computer
c,codes
co,codes
cod,codes
code,codes
codes,codes
t,that
th,that
tha,that
that,that
d,damage
da,damage
dam,damage
dama,damage
damag,damage
damage,damage
o,or
or,or
c,cannot
ca,cannot
can,cannot
cann,cannot
canno,cannot
cannot,cannot
b,be
be,be
r,read
re,read
rea,read
read,read
b,by
by,by
y,your
yo,your
you,your
your,your
e,equipment
eq,equipment
equ,equipment
equi,equipment
equip,equipment
equipm,equipment
equipme,equipment
equipmen,equipment
equipment,equipment
l,limited
li,limited
lim,limited
limi,limited
limit,limited
limite,limited
limited,limited
w,warranty
wa,warranty
war,warranty
warr,warranty
warra,warranty
warran,warranty
warrant,warranty
warranty,warranty
d,disclaimer
di,disclaimer
dis,disclaimer
disc,disclaimer
discl,disclaimer
discla,disclaimer
disclai,disclaimer
disclaim,disclaimer
disclaime,disclaimer
disclaimer,disclaimer
o,of
of,of
d,damages
da,damages
dam,damages
dama,damages
damag,damages
damage,damages
damages,damages
b,but
bu,but
but,but
f,for
fo,for
for,for
t,the
th,the
the,the
r,right
ri,right
rig,right
righ,right
right,right
o,of
of,of
r,replacement
re,replacement
rep,replacement
repl,replacement
repla,replacement
replac,replacement
replace,replacement
replacem,replacement
replaceme,replacement
replacemen,replacement
replacement,replacement
o,or
or,or
r,refund
re,refund
ref,refund
refu,refund
refun,refund
refund,refund
d,described
de,described
des,described
desc,described
descr,described
descri,described
describ,described
describe,described
described,described
b,below
be,below
bel,below
belo,below
below,below
1,1
t,the
th,the
the,the
p,project
pr,project
pro,project
proj,project
proje,project
projec,project
project,project
a,and
an,and
and,and
a,any
an,any
any,any
o,other
ot,other
oth,other
othe,other
other,other
p,party
pa,party
par,party
part,party
party,party
y,you
yo,you
you,you
m,may
ma,may
may,may
r,receive
re,receive
rec,receive
rece,receive
recei,receive
receiv,receive
receive,receive
t,this
th,this
thi,this
this,this
e,etext
et,etext
ete,etext
etex,etext
etext,etext
f,from
fr,from
fro,from
from,from
a,as
as,as
a,a
p,project
pr,project
pro,project
proj,project
proje,project
projec,project
project,project
g,gutenberg
gu,gutenberg
gut,gutenberg
gute,gutenberg
guten,gutenberg
gutenb,gutenberg
gutenbe,gutenberg
gutenber,gutenberg
gutenberg,gutenberg
t,tm
tm,tm
e,etext
et,etext
ete,etext
etex,etext
etext,etext
d,disclaims
di,disclaims
dis,disclaims
disc,disclaims
discl,disclaims
discla,disclaims
disclai,disclaims
disclaim,disclaims
disclaims,disclaims
a,all
al,all
all,all
l,liability
li,liability
lia,liability
liab,liability
liabi,liability
liabil,liability
liabili,liability
liabilit,liability
liability,liability
t,to
to,to
y,you
yo,you
you,you
f,for
fo,for
for,for
d,damages
da,damages
dam,damages
dama,damages
damag,damages
damage,damages
damages,damages
c,costs
co,costs
cos,costs
cost,costs
costs,costs
a,and
an,and
and,and
e,expenses
ex,expenses
exp,expenses
expe,expenses
expen,expenses
expens,expenses
expense,expenses
expenses,expenses
i,including
in,including
inc,including
incl,including
inclu,including
includ,including
includi,including
includin,including
including,including
l,legal
le,legal
leg,legal
lega,legal
legal,legal
f,fees
fe,fees
fee,fees
fees,fees
a,and
an,and
and,and
2,2
y,you
yo,you
you,you
h,have
ha,have
hav,have
have,have
n,no
no,no
r,remedies
re,remedies
rem,remedies
reme,remedies
remed,remedies
remedi,remedies
remedie,remedies
remedies,remedies
f,for
fo,for
for,for
n,negligence
ne,negligence
neg,negligence
negl,negligence
negli,negligence
neglig,negligence
neglige,negligence
negligen,negligence
negligenc,negligence
negligence,negligence
o,or
or,or
u,under
un,under
und,under
unde,under
under,under
s,strict
st,strict
str,strict
stri,strict
stric,strict
strict,strict
l,liability
li,liability
lia,liability
liab,liability
liabi,liability
liabil,liability
liabili,liability
liabilit,liability
liability,liability
o,or
or,or
f,for
fo,for
for,for
b,breach
br,breach
bre,breach
brea,breach
breac,breach
breach,breach
o,of
of,of
w,warranty
wa,warranty
war,warranty
warr,warranty
warra,warranty
warran,warranty
warrant,warranty
warranty,warranty
o,or
or,or
c,contract
co,contract
con,contract
cont,contract
contr,contract
contra,contract
contrac,contract
contract,contract
i,including
in,including
inc,including
incl,including
inclu,including
includ,including
includi,including
includin,including
including,including
b,but
bu,but
but,but
n,not
no,not
not,not
l,limited
li,limited
lim,limited
limi,limited
limit,limited
limite,limited
limited,limited
t,to
to,to
i,indirect
in,indirect
ind,indirect
indi,indirect
indir,indirect
indire,indirect
indirec,indirect
indirect,indirect
c,consequential
co,consequential
con,consequential
cons,consequential
conse,consequential
conseq,consequential
consequ,consequential
conseque,consequential
consequen,consequential
consequent,consequential
consequenti,consequential
consequentia,consequential
consequential,consequential
p,punitive
pu,punitive
pun,punitive
puni,punitive
punit,punitive
puniti,punitive
punitiv,punitive
punitive,punitive
o,or
or,or
i,incidental
in,incidental
inc,incidental
inci,incidental
incid,incidental
incide,incidental
inciden,incidental
incident,incidental
incidenta,incidental
incidental,incidental
d,damages
da,damages
dam,damages
dama,damages
damag,damages
damage,damages
damages,damages
e,even
ev,even
eve,even
even,even
i,if
if,if
y,you
yo,you
you,you
g,give
gi,give
giv,give
give,give
n,notice
no,notice
not,notice
noti,notice
notic,notice
notice,notice
o,of
of,of
t,the
th,the
the,the
p,possibility
po,possibility
pos,possibility
poss,possibility
possi,possibility
possib,possibility
possibi,possibility
possibil,possibility
possibili,possibility
possibilit,possibility
possibility,possibility
o,of
of,of
s,such
su,such
suc,such
such,such
d,damages
da,damages
dam,damages
dama,damages
damag,damages
damage,damages
damages,damages
i,if
if,if
y,you
yo,you
you,you
d,discover
di,discover
dis,discover
disc,discover
disco,discover
discov,discover
discove,discover
discover,discover
a,a
d,defect
de,defect
def,defect
defe,defect
defec,defect
defect,defect
i,in
in,in
t,this
th,this
thi,this
this,this
e,etext
et,etext
ete,etext
etex,etext
etext,etext
w,within
wi,within
wit,within
with,within
withi,within
within,within
9,90
90,90
d,days
da,days
day,days
days,days
o,of
of,of
r,receiving
re,receiving
rec,receiving
rece,receiving
recei,receiving
receiv,receiving
receivi,receiving
receivin,receiving
receiving,receiving
i,it
it,it
y,you
yo,you
you,you
c,can
ca,can
can,can
r,receive
re,receive
rec,receive
rece,receive
recei,receive
receiv,receive
receive,receive
a,a
r,refund
re,refund
ref,refund
refu,refund
refun,refund
refund,refund
o,of
of,of
t,the
th,the
the,the
m,money
mo,money
mon,money
mone,money
money,money
i,if
if,if
a,any
an,any
any,any
y,you
yo,you
you,you
p,paid
pa,paid
pai,paid
paid,paid
f,for
fo,for
for,for
i,it
it,it
b,by
by,by
s,sending
se,sending
sen,sending
send,sending
sendi,sending
sendin,sending
sending,sending
a,an
an,an
e,explanatory
ex,explanatory
exp,explanatory
expl,explanatory
expla,explanatory
explan,explanatory
explana,explanatory
explanat,explanatory
explanato,explanatory
explanator,explanatory
explanatory,explanatory
n,note
no,note
not,note
note,note
w,within
wi,within
wit,within
with,within
withi,within
within,within
t,that
th,that
tha,that
that,that
t,time
ti,time
tim,time
time,time
t,to
to,to
t,the
th,the
the,the
p,person
pe,person
per,person
pers,person
perso,person
person,person
y,you
yo,you
you,you
r,received
re,received
rec,received
rece,received
recei,received
receiv,received
receive,received
received,received
i,it
it,it
f,from
fr,from
fro,from
from,from
i,if
if,if
y,you
yo,you
you,you
r,received
re,received
rec,received
rece,received
recei,received
receiv,received
receive,received
received,received
i,it
it,it
o,on
on,on
a,a
p,physical
ph,physical
phy,physical
phys,physical
physi,physical
physic,physical
physica,physical
physical,physical
m,medium
me,medium
med,medium
medi,medium
mediu,medium
medium,medium
y,you
yo,you
you,you
m,must
mu,must
mus,must
must,must
r,return
re,return
ret,return
retu,return
retur,return
return,return
i,it
it,it
w,with
wi,with
wit,with
with,with
y,your
yo,your
you,your
your,your
n,note
no,note
not,note
note,note
a,and
an,and
and,and
s,such
su,such
suc,such
such,such
p,person
pe,person
per,person
pers,person
perso,person
person,person
m,may
ma,may
may,may
c,choose
ch,choose
cho,choose
choo,choose
choos,choose
choose,choose
t,to
to,to
a,alternatively
al,alternatively
alt,alternatively
alte,alternatively
alter,alternatively
altern,alternatively
alterna,alternatively
alternat,alternatively
alternati,alternatively
alternativ,alternatively
alternative,alternatively
alternativel,alternatively
alternatively,alternatively
g,give
gi,give
giv,give
give,give
y,you
yo,you
you,you
a,a
r,replacement
re,replacement
rep,replacement
repl,replacement
repla,replacement
replac,replacement
replace,replacement
replacem,replacement
replaceme,replacement
replacemen,replacement
replacement,replacement
c,copy
co,copy
cop,copy
copy,copy
i,if
if,if
y,you
yo,you
you,you
r,received
re,received
rec,received
rece,received
recei,received
receiv,received
receive,received
received,received
i,it
it,it
e,electronically
el,electronically
ele,electronically
elec,electronically
elect,electronically
electr,electronically
electro,electronically
electron,electronically
electroni,electronically
electronic,electronically
electronica,electronically
electronical,electronically
electronicall,electronically
electronically,electronically
s,such
su,such
suc,such
such,such
p,person
pe,person
per,person
pers,person
perso,person
person,person
m,may
ma,may
may,may
c,choose
ch,choose
cho,choose
choo,choose
choos,choose
choose,choose
t,to
to,to
a,alternatively
al,alternatively
alt,alternatively
alte,alternatively
alter,alternatively
altern,alternatively
alterna,alternatively
alternat,alternatively
alternati,alternatively
alternativ,alternatively
alternative,alternatively
alternativel,alternatively
alternatively,alternatively
g,give
gi,give
giv,give
give,give
y,you
yo,you
you,you
a,a
s,second
se,second
sec,second
seco,second
secon,second
second,second
o,opportunity
op,opportunity
opp,opportunity
oppo,opportunity
oppor,opportunity
opport,opportunity
opportu,opportunity
opportun,opportunity
opportuni,opportunity
opportunit,opportunity
opportunity,opportunity
t,to
to,to
r,receive
re,receive
rec,receive
rece,receive
recei,receive
receiv,receive
receive,receive
i,it
it,it
e,electronically
el,electronically
ele,electronically
elec,electronically
elect,electronically
electr,electronically
electro,electronically
electron,electronically
electroni,electronically
electronic,electronically
electronica,electronically
electronical,electronically
electronicall,electronically
electronically,electronically
t,this
th,this
thi,this
this,this
e,etext
et,etext
ete,etext
etex,etext
etext,etext
i,is
is,is
o,otherwise
ot,otherwise
oth,otherwise
othe,otherwise
other,otherwise
otherw,otherwise
otherwi,otherwise
otherwis,otherwise
otherwise,otherwise
p,provided
pr,provided
pro,provided
prov,provided
provi,provided
provid,provided
provide,provided
provided,provided
t,to
to,to
y,you
yo,you
you,you
a,as
as,as
i,is
is,is
n,no
no,no
o,other
ot,other
oth,other
othe,other
other,other
w,warranties
wa,warranties
war,warranties
warr,warranties
warra,warranties
warran,warranties
warrant,warranties
warranti,warranties
warrantie,warranties
warranties,warranties
o,of
of,of
a,any
an,any
any,any
k,kind
ki,kind
kin,kind
kind,kind
e,express
ex,express
exp,express
expr,express
expre,express
expres,express
express,express
o,or
or,or
i,implied
im,implied
imp,implied
impl,implied
impli,implied
implie,implied
implied,implied
a,are
ar,are
are,are
m,made
ma,made
mad,made
made,made
t,to
to,to
y,you
yo,you
you,you
a,as
as,as
t,to
to,to
t,the
th,the
the,the
e,etext
et,etext
ete,etext
etex,etext
etext,etext
o,or
or,or
a,any
an,any
any,any
m,medium
me,medium
med,medium
medi,medium
mediu,medium
medium,medium
i,it
it,it
m,may
ma,may
may,may
b,be
be,be
o,on
on,on
i,including
in,including
inc,including
incl,including
inclu,including
includ,including
includi,including
includin,including
including,including
b,but
bu,but
but,but
n,not
no,not
not,not
l,limited
li,limited
lim,limited
limi,limited
limit,limited
limite,limited
limited,limited
t,to
to,to
w,warranties
wa,warranties
war,warranties
warr,warranties
warra,warranties
warran,warranties
warrant,warranties
warranti,warranties
warrantie,warranties
warranties,warranties
o,of
of,of
m,merchantability
me,merchantability
mer,merchantability
merc,merchantability
merch,merchantability
mercha,merchantability
merchan,merchantability
merchant,merchantability
merchanta,merchantability
merchantab,merchantability
merchantabi,merchantability
merchantabil,merchantability
merchantabili,merchantability
merchantabilit,merchantability
merchantability,merchantability
o,or
or,or
f,fitness
fi,fitness
fit,fitness
fitn,fitness
fitne,fitness
fitnes,fitness
fitness,fitness
f,for
fo,for
for,for
a,a
p,particular
pa,particular
par,particular
part,particular
parti,particular
partic,particular
particu,particular
particul,particular
particula,particular
particular,particular
p,purpose
pu,purpose
pur,purpose
purp,purpose
purpo,purpose
purpos,purpose
purpose,purpose
s,some
so,some
som,some
some,some
s,states
st,states
sta,states
stat,states
state,states
states,states
d,do
do,do
n,not
no,not
not,not
a,allow
al,allow
all,allow
allo,allow
allow,allow
d,disclaimers
di,disclaimers
dis,disclaimers
disc,disclaimers
discl,disclaimers
discla,disclaimers
disclai,disclaimers
disclaim,disclaimers
disclaime,disclaimers
disclaimer,disclaimers
disclaimers,disclaimers
o,of
of,of
i,implied
im,implied
imp,implied
impl,implied
impli,implied
implie,implied
implied,implied
w,warranties
wa,warranties
war,warranties
warr,warranties
warra,warranties
warran,warranties
warrant,warranties
warranti,warranties
warrantie,warranties
warranties,warranties
o,or
or,or
t,the
th,the
the,the
e,exclusion
ex,exclusion
exc,exclusion
excl,exclusion
exclu,exclusion
exclus,exclusion
exclusi,exclusion
exclusio,exclusion
exclusion,exclusion
o,or
or,or
l,limitation
li,limitation
lim,limitation
limi,limitation
limit,limitation
limita,limitation
limitat,limitation
limitati,limitation
limitatio,limitation
limitation,limitation
o,of
of,of
c,consequential
co,consequential
con,consequential
cons,consequential
conse,consequential
conseq,consequential
consequ,consequential
conseque,consequential
consequen,consequential
consequent,consequential
consequenti,consequential
consequentia,consequential
consequential,consequential
d,damages
da,damages
dam,damages
dama,damages
damag,damages
damage,damages
damages,damages
s,so
so,so
t,the
th,the
the,the
a,above
ab,above
abo,above
abov,above
above,above
d,disclaimers
di,disclaimers
dis,disclaimers
disc,disclaimers
discl,disclaimers
discla,disclaimers
disclai,disclaimers
disclaim,disclaimers
disclaime,disclaimers
disclaimer,disclaimers
disclaimers,disclaimers
a,and
an,and
and,and
e,exclusions
ex,exclusions
exc,exclusions
excl,exclusions
exclu,exclusions
exclus,exclusions
exclusi,exclusions
exclusio,exclusions
exclusion,exclusions
exclusions,exclusions
m,may
ma,may
may,may
n,not
no,not
not,not
a,apply
ap,apply
app,apply
appl,apply
apply,apply
t,to
to,to
y,you
yo,you
you,you
a,and
an,and
and,and
y,you
yo,you
you,you
m,may
ma,may
may,may
h,have
ha,have
hav,have
have,have
o,other
ot,other
oth,other
othe,other
other,other
l,legal
le,legal
leg,legal
lega,legal
legal,legal
r,rights
ri,rights
rig,rights
righ,rights
right,rights
rights,rights
i,indemnity
in,indemnity
ind,indemnity
inde,indemnity
indem,indemnity
indemn,indemnity
indemni,indemnity
indemnit,indemnity
indemnity,indemnity
y,you
yo,you
you,you
w,will
wi,will
wil,will
will,will
i,indemnify
in,indemnify
ind,indemnify
inde,indemnify
indem,indemnify
indemn,indemnify
indemni,indemnify
indemnif,indemnify
indemnify,indemnify
a,and
an,and
and,and
h,hold
ho,hold
hol,hold
hold,hold
t,the
th,the
the,the
p,project
pr,project
pro,project
proj,project
proje,project
projec,project
project,project
i,its
it,its
its,its
d,directors
di,directors
dir,directors
dire,directors
direc,directors
direct,directors
directo,directors
director,directors
directors,directors
o,officers
of,officers
off,officers
offi,officers
offic,officers
office,officers
officer,officers
officers,officers
m,members
me,members
mem,members
memb,members
membe,members
member,members
members,members
a,and
an,and
and,and
a,agents
ag,agents
age,agents
agen,agents
agent,agents
agents,agents
h,harmless
ha,harmless
har,harmless
harm,harmless
harml,harmless
harmle,harmless
harmles,harmless
harmless,harmless
f,from
fr,from
fro,from
from,from
a,all
al,all
all,all
l,liability
li,liability
lia,liability
liab,liability
liabi,liability
liabil,liability
liabili,liability
liabilit,liability
liability,liability
c,cost
co,cost
cos,cost
cost,cost
a,and
an,and
and,and
e,expense
ex,expense
exp,expense
expe,expense
expen,expense
expens,expense
expense,expense
i,including
in,including
inc,including
incl,including
inclu,including
includ,including
includi,including
includin,including
including,including
l,legal
le,legal
leg,legal
lega,legal
legal,legal
f,fees
fe,fees
fee,fees
fees,fees
t,that
th,that
tha,that
that,that
a,arise
ar,arise
ari,arise
aris,arise
arise,arise
d,directly
di,directly
dir,directly
dire,directly
direc,directly
direct,directly
directl,directly
directly,directly
o,or
or,or
i,indirectly
in,indirectly
ind,indirectly
indi,indirectly
indir,indirectly
indire,indirectly
indirec,indirectly
indirect,indirectly
indirectl,indirectly
indirectly,indirectly
f,from
fr,from
fro,from
from,from
a,any
an,any
any,any
o,of
of,of
t,the
th,the
the,the
f,following
fo,following
fol,following
foll,following
follo,following
follow,following
followi,following
followin,following
following,following
t,that
th,that
tha,that
that,that
y,you
yo,you
you,you
d,do
do,do
o,or
or,or
c,cause
ca,cause
cau,cause
caus,cause
cause,cause
1,1
d,distribution
di,distribution
dis,distribution
dist,distribution
distr,distribution
distri,distribution
distrib,distribution
distribu,distribution
distribut,distribution
distributi,distribution
distributio,distribution
distribution,distribution
o,of
of,of
t,this
th,this
thi,this
this,this
e,etext
et,etext
ete,etext
etex,etext
etext,etext
2,2
a,alteration
al,alteration
alt,alteration
alte,alteration
alter,alteration
altera,alteration
alterat,alteration
alterati,alteration
alteratio,alteration
alteration,alteration
m,modification
mo,modification
mod,modification
modi,modification
modif,modification
modifi,modification
modific,modification
modifica,modification
modificat,modification
modificati,modification
modificatio,modification
modification,modification
o,or
or,or
a,addition
ad,addition
add,addition
addi,addition
addit,addition
additi,addition
additio,addition
addition,addition
t,to
to,to
t,the
th,the
the,the
e,etext
et,etext
ete,etext
etex,etext
etext,etext
o,or
or,or
3,3
a,any
an,any
any,any
d,defect
de,defect
def,defect
defe,defect
defec,defect
defect,defect
d,distribution
di,distribution
dis,distribution
dist,distribution
distr,distribution
distri,distribution
distrib,distribution
distribu,distribution
distribut,distribution
distributi,distribution
distributio,distribution
distribution,distribution
u,under
un,under
und,under
unde,under
under,under
p,project
pr,project
pro,project
proj,project
proje,project
projec,project
project,project
g,gutenberg
gu,gutenberg
gut,gutenberg
gute,gutenberg
guten,gutenberg
gutenb,gutenberg
gutenbe,gutenberg
gutenber,gutenberg
gutenberg,gutenberg
t,tm
tm,tm
y,you
yo,you
you,you
m,may
ma,may
may,may
d,distribute
di,distribute
dis,distribute
dist,distribute
distr,distribute
distri,distribute
distrib,distribute
distribu,distribute
distribut,distribute
distribute,distribute
c,copies
co,copies
cop,copies
copi,copies
copie,copies
copies,copies
o,of
of,of
t,this
th,this
thi,this
this,this
e,etext
et,etext
ete,etext
etex,etext
etext,etext
e,electronically
el,electronically
ele,electronically
elec,electronically
elect,electronically
electr,electronically
electro,electronically
electron,electronically
electroni,electronically
electronic,electronically
electronica,electronically
electronical,electronically
electronicall,electronically
electronically,electronically
o,or
or,or
b,by
by,by
d,disk
di,disk
dis,disk
disk,disk
b,book
bo,book
boo,book
book,book
o,or
or,or
a,any
an,any
any,any
o,other
ot,other
oth,other
othe,other
other,other
m,medium
me,medium
med,medium
medi,medium
mediu,medium
medium,medium
i,if
if,if
y,you
yo,you
you,you
e,either
ei,either
eit,either
eith,either
eithe,either
either,either
d,delete
de,delete
del,delete
dele,delete
delet,delete
delete,delete
t,this
th,this
thi,this
this,this
s,small
sm,small
sma,small
smal,small
small,small
p,print
pr,print
pri,print
prin,print
print,print
a,and
an,and
and,and
a,all
al,all
all,all
o,other
ot,other
oth,other
othe,other
other,other
r,references
re,references
ref,references
refe,references
refer,references
refere,references
referen,references
referenc,references
reference,references
references,references
t,to
to,to
p,project
pr,project
pro,project
proj,project
proje,project
projec,project
project,project
g,gutenberg
gu,gutenberg
gut,gutenberg
gute,gutenberg
guten,gutenberg
gutenb,gutenberg
gutenbe,gutenberg
gutenber,gutenberg
gutenberg,gutenberg
o,or
or,or
1,1
o,only
on,only
onl,only
only,only
g,give
gi,give
giv,give
give,give
e,exact
ex,exact
exa,exact
exac,exact
exact,exact
c,copies
co,copies
cop,copies
copi,copies
copie,copies
copies,copies
o,of
of,of
i,it
it,it
a,among
am,among
amo,among
amon,among
among,among
o,other
ot,other
oth,other
othe,other
other,other
t,things
th,things
thi,things
thin,things
thing,things
things,things
t,this
th,this
thi,this
this,this
r,requires
re,requires
req,requires
requ,requires
requi,requires
requir,requires
require,requires
requires,requires
t,that
th,that
tha,that
that,that
y,you
yo,you
you,you
d,do
do,do
n,not
no,not
not,not
r,remove
re,remove
rem,remove
remo,remove
remov,remove
remove,remove
a,alter
al,alter
alt,alter
alte,alter
alter,alter
o,or
or,or
m,modify
mo,modify
mod,modify
modi,modify
modif,modify
modify,modify
t,the
th,the
the,the
e,etext
et,etext
ete,etext
etex,etext
etext,etext
o,or
or,or
t,this
th,this
thi,this
this,this
s,small
sm,small
sma,small
smal,small
small,small
p,print
pr,print
pri,print
prin,print
print,print
s,statement
st,statement
sta,statement
stat,statement
state,statement
statem,statement
stateme,statement
statemen,statement
statement,statement
y,you
yo,you
you,you
m,may
ma,may
may,may
h,however
ho,however
how,however
howe,however
howev,however
howeve,however
however,however
i,if
if,if
y,you
yo,you
you,you
w,wish
wi,wish
wis,wish
wish,wish
d,distribute
di,distribute
dis,distribute
dist,distribute
distr,distribute
distri,distribute
distrib,distribute
distribu,distribute
distribut,distribute
distribute,distribute
t,this
th,this
thi,this
this,this
e,etext
et,etext
ete,etext
etex,etext
etext,etext
i,in
in,in
m,machine
ma,machine
mac,machine
mach,machine
machi,machine
machin,machine
machine,machine
r,readable
re,readable
rea,readable
read,readable
reada,readable
readab,readable
readabl,readable
readable,readable
b,binary
bi,binary
bin,binary
bina,binary
binar,binary
binary,binary
c,compressed
co,compressed
com,compressed
comp,compressed
compr,compressed
compre,compressed
compres,compressed
compress,compressed
compresse,compressed
compressed,compressed
m,mark
ma,mark
mar,mark
mark,mark
u,up
up,up
o,or
or,or
p,proprietary
pr,proprietary
pro,proprietary
prop,proprietary
propr,proprietary
propri,proprietary
proprie,proprietary
propriet,proprietary
proprieta,proprietary
proprietar,proprietary
proprietary,proprietary
f,form
fo,form
for,form
form,form
i,including
in,including
inc,including
incl,including
inclu,including
includ,including
includi,including
includin,including
including,including
a,any
an,any
any,any
f,form
fo,form
for,form
form,form
r,resulting
re,resulting
res,resulting
resu,resulting
resul,resulting
result,resulting
resulti,resulting
resultin,resulting
resulting,resulting
f,from
fr,from
fro,from
from,from
c,conversion
co,conversion
con,conversion
conv,conversion
conve,conversion
conver,conversion
convers,conversion
conversi,conversion
conversio,conversion
conversion,conversion
b,by
by,by
w,word
wo,word
wor,word
word,word
p,pro
pr,pro
pro,pro
c,cessing
ce,cessing
ces,cessing
cess,cessing
cessi,cessing
cessin,cessing
cessing,cessing
o,or
or,or
h,hypertext
hy,hypertext
hyp,hypertext
hype,hypertext
hyper,hypertext
hypert,hypertext
hyperte,hypertext
hypertex,hypertext
hypertext,hypertext
s,software
so,software
sof,software
soft,software
softw,software
softwa,software
softwar,software
software,software
b,but
bu,but
but,but
o,only
on,only
onl,only
only,only
s,so
so,so
l,long
lo,long
lon,long
long,long
a,as
as,as
e,either
ei,either
eit,either
eith,either
eithe,either
either,either
t,the
th,the
the,the
e,etext
et,etext
ete,etext
etex,etext
etext,etext
w,when
wh,when
whe,when
when,when
d,displayed
di,displayed
dis,displayed
disp,displayed
displ,displayed
displa,displayed
display,displayed
displaye,displayed
displayed,displayed
i,is
is,is
c,clearly
cl,clearly
cle,clearly
clea,clearly
clear,clearly
clearl,clearly
clearly,clearly
r,readable
re,readable
rea,readable
read,readable
reada,readable
readab,readable
readabl,readable
readable,readable
a,and
an,and
and,and
d,does
do,does
doe,does
does,does
n,not
no,not
not,not
c,contain
co,contain
con,contain
cont,contain
conta,contain
contai,contain
contain,contain
c,characters
ch,characters
cha,characters
char,characters
chara,characters
charac,characters
charact,characters
characte,characters
character,characters
characters,characters
o,other
ot,other
oth,other
othe,other
other,other
t,than
th,than
tha,than
than,than
t,those
th,those
tho,those
thos,those
those,those
i,intended
in,intended
int,intended
inte,intended
inten,intended
intend,intended
intende,intended
intended,intended
b,by
by,by
t,the
th,the
the,the
a,author
au,author
aut,author
auth,author
autho,author
author,author
o,of
of,of
t,the
th,the
the,the
w,work
wo,work
wor,work
work,work
a,although
al,although
alt,although
alth,although
altho,although
althou,although
althoug,although
although,although
t,tilde
ti,tilde
til,tilde
tild,tilde
tilde,tilde
a,asterisk
as,asterisk
ast,asterisk
aste,asterisk
aster,asterisk
asteri,asterisk
asteris,asterisk
asterisk,asterisk
a,and
an,and
and,and
u,underline
un,underline
und,underline
unde,underline
under,underline
underl,underline
underli,underline
underlin,underline
underline,underline
_,_
c,characters
ch,characters
cha,characters
char,characters
chara,characters
charac,characters
charact,characters
characte,characters
character,characters
characters,characters
m,may
ma,may
may,may
b,be
be,be
u,used
us,used
use,used
used,used
t,to
to,to
c,convey
co,convey
con,convey
conv,convey
conve,convey
convey,convey
p,punctuation
pu,punctuation
pun,punctuation
punc,punctuation
punct,punctuation
punctu,punctuation
punctua,punctuation
punctuat,punctuation
punctuati,punctuation
punctuatio,punctuation
punctuation,punctuation
i,intended
in,intended
int,intended
inte,intended
inten,intended
intend,intended
intende,intended
intended,intended
b,by
by,by
t,the
th,the
the,the
a,author
au,author
aut,author
auth,author
autho,author
author,author
a,and
an,and
and,and
a,additional
ad,additional
add,additional
addi,additional
addit,additional
additi,additional
additio,additional
addition,additional
additiona,additional
additional,additional
c,characters
ch,characters
cha,characters
char,characters
chara,characters
charac,characters
charact,characters
characte,characters
character,characters
characters,characters
m,may
ma,may
may,may
b,be
be,be
u,used
us,used
use,used
used,used
t,to
to,to
i,indicate
in,indicate
ind,indicate
indi,indicate
indic,indicate
indica,indicate
indicat,indicate
indicate,indicate
h,hypertext
hy,hypertext
hyp,hypertext
hype,hypertext
hyper,hypertext
hypert,hypertext
hyperte,hypertext
hypertex,hypertext
hypertext,hypertext
l,links
li,links
lin,links
link,links
links,links
o,or
or,or
t,the
th,the
the,the
e,etext
et,etext
ete,etext
etex,etext
etext,etext
m,may
ma,may
may,may
b,be
be,be
r,readily
re,readily
rea,readily
read,readily
readi,readily
readil,readily
readily,readily
c,converted
co,converted
con,converted
conv,converted
conve,converted
conver,converted
convert,converted
converte,converted
converted,converted
b,by
by,by
t,the
th,the
the,the
r,reader
re,reader
rea,reader
read,reader
reade,reader
reader,reader
a,at
at,at
n,no
no,no
e,expense
ex,expense
exp,expense
expe,expense
expen,expense
expens,expense
expense,expense
i,into
in,into
int,into
into,into
p,plain
pl,plain
pla,plain
plai,plain
plain,plain
a,ascii
as,ascii
asc,ascii
asci,ascii
ascii,ascii
e,ebcdic
eb,ebcdic
ebc,ebcdic
ebcd,ebcdic
ebcdi,ebcdic
ebcdic,ebcdic
o,or
or,or
e,equivalent
eq,equivalent
equ,equivalent
equi,equivalent
equiv,equivalent
equiva,equivalent
equival,equivalent
equivale,equivalent
equivalen,equivalent
equivalent,equivalent
f,form
fo,form
for,form
form,form
b,by
by,by
t,the
th,the
the,the
p,program
pr,program
pro,program
prog,program
progr,program
progra,program
program,program
t,that
th,that
tha,that
that,that
d,displays
di,displays
dis,displays
disp,displays
displ,displays
displa,displays
display,displays
displays,displays
t,the
th,the
the,the
e,etext
et,etext
ete,etext
etex,etext
etext,etext
a,as
as,as
i,is
is,is
t,the
th,the
the,the
c,case
ca,case
cas,case
case,case
f,for
fo,for
for,for
i,instance
in,instance
ins,instance
inst,instance
insta,instance
instan,instance
instanc,instance
instance,instance
w,with
wi,with
wit,with
with,with
m,most
mo,most
mos,most
most,most
w,word
wo,word
wor,word
word,word
p,processors
pr,processors
pro,processors
proc,processors
proce,processors
proces,processors
process,processors
processo,processors
processor,processors
processors,processors
o,or
or,or
y,you
yo,you
you,you
p,provide
pr,provide
pro,provide
prov,provide
provi,provide
provid,provide
provide,provide
o,or
or,or
a,agree
ag,agree
agr,agree
agre,agree
agree,agree
t,to
to,to
a,also
al,also
als,also
also,also
p,provide
pr,provide
pro,provide
prov,provide
provi,provide
provid,provide
provide,provide
o,on
on,on
r,request
re,request
req,request
requ,request
reque,request
reques,request
request,request
a,at
at,at
n,no
no,no
a,additional
ad,additional
add,additional
addi,additional
addit,additional
additi,additional
additio,additional
addition,additional
additiona,additional
additional,additional
c,cost
co,cost
cos,cost
cost,cost
f,fee
fe,fee
fee,fee
o,or
or,or
e,expense
ex,expense
exp,expense
expe,expense
expen,expense
expens,expense
expense,expense
a,a
c,copy
co,copy
cop,copy
copy,copy
o,of
of,of
t,the
th,the
the,the
e,etext
et,etext
ete,etext
etex,etext
etext,etext
i,in
in,in
i,its
it,its
its,its
o,original
or,original
ori,original
orig,original
origi,original
origin,original
origina,original
original,original
p,plain
pl,plain
pla,plain
plai,plain
plain,plain
a,ascii
as,ascii
asc,ascii
asci,ascii
ascii,ascii
f,form
fo,form
for,form
form,form
o,or
or,or
i,in
in,in
e,ebcdic
eb,ebcdic
ebc,ebcdic
ebcd,ebcdic
ebcdi,ebcdic
ebcdic,ebcdic
o,or
or,or
o,other
ot,other
oth,other
othe,other
other,other
e,equivalent
eq,equivalent
equ,equivalent
equi,equivalent
equiv,equivalent
equiva,equivalent
equival,equivalent
equivale,equivalent
equivalen,equivalent
equivalent,equivalent
p,proprietary
pr,proprietary
pro,proprietary
prop,proprietary
propr,proprietary
propri,proprietary
proprie,proprietary
propriet,proprietary
proprieta,proprietary
proprietar,proprietary
proprietary,proprietary
f,form
fo,form
for,form
form,form
2,2
h,honor
ho,honor
hon,honor
hono,honor
honor,honor
t,the
th,the
the,the
e,etext
et,etext
ete,etext
etex,etext
etext,etext
r,refund
re,refund
ref,refund
refu,refund
refun,refund
refund,refund
a,and
an,and
and,and
r,replacement
re,replacement
rep,replacement
repl,replacement
repla,replacement
replac,replacement
replace,replacement
replacem,replacement
replaceme,replacement
replacemen,replacement
replacement,replacement
p,provisions
pr,provisions
pro,provisions
prov,provisions
provi,provisions
provis,provisions
provisi,provisions
provisio,provisions
provision,provisions
provisions,provisions
o,of
of,of
t,this
th,this
thi,this
this,this
s,small
sm,small
sma,small
smal,small
small,small
p,print
pr,print
pri,print
prin,print
print,print
s,statement
st,statement
sta,statement
stat,statement
state,statement
statem,statement
stateme,statement
statemen,statement
statement,statement
3,3
p,pay
pa,pay
pay,pay
a,a
t,trademark
tr,trademark
tra,trademark
trad,trademark
trade,trademark
tradem,trademark
tradema,trademark
trademar,trademark
trademark,trademark
l,license
li,license
lic,license
lice,license
licen,license
licens,license
license,license
f,fee
fe,fee
fee,fee
t,to
to,to
t,the
th,the
the,the
p,project
pr,project
pro,project
proj,project
proje,project
projec,project
project,project
o,of
of,of
2,20
20,20
o,of
of,of
t,the
th,the
the,the
n,net
ne,net
net,net
p,profits
pr,profits
pro,profits
prof,profits
profi,profits
profit,profits
profits,profits
y,you
yo,you
you,you
d,derive
de,derive
der,derive
deri,derive
deriv,derive
derive,derive
c,calculated
ca,calculated
cal,calculated
calc,calculated
calcu,calculated
calcul,calculated
calcula,calculated
calculat,calculated
calculate,calculated
calculated,calculated
u,using
us,using
usi,using
usin,using
using,using
t,the
th,the
the,the
m,method
me,method
met,method
meth,method
metho,method
method,method
y,you
yo,you
you,you
a,already
al,already
alr,already
alre,already
alrea,already
alread,already
already,already
u,use
us,use
use,use
t,to
to,to
c,calculate
ca,calculate
cal,calculate
calc,calculate
calcu,calculate
calcul,calculate
calcula,calculate
calculat,calculate
calculate,calculate
y,your
yo,your
you,your
your,your
a,applicable
ap,applicable
app,applicable
appl,applicable
appli,applicable
applic,applicable
applica,applicable
applicab,applicable
applicabl,applicable
applicable,applicable
t,taxes
ta,taxes
tax,taxes
taxe,taxes
taxes,taxes
i,if
if,if
y,you
yo,you
you,you
d,don
do,don
don,don
t,t
d,derive
de,derive
der,derive
deri,derive
deriv,derive
derive,derive
p,profits
pr,profits
pro,profits
prof,profits
profi,profits
profit,profits
profits,profits
n,no
no,no
r,royalty
ro,royalty
roy,royalty
roya,royalty
royal,royalty
royalt,royalty
royalty,royalty
i,is
is,is
d,due
du,due
due,due
r,royalties
ro,royalties
roy,royalties
roya,royalties
royal,royalties
royalt,royalties
royalti,royalties
royaltie,royalties
royalties,royalties
a,are
ar,are
are,are
p,payable
pa,payable
pay,payable
paya,payable
payab,payable
payabl,payable
payable,payable
t,to
to,to
p,project
pr,project
pro,project
proj,project
proje,project
projec,project
project,project
g,gutenberg
gu,gutenberg
gut,gutenberg
gute,gutenberg
guten,gutenberg
gutenb,gutenberg
gutenbe,gutenberg
gutenber,gutenberg
gutenberg,gutenberg
a,association
as,association
ass,association
asso,association
assoc,association
associ,association
associa,association
associat,association
associati,association
associatio,association
association,association
i,illinois
il,illinois
ill,illinois
illi,illinois
illin,illinois
illino,illinois
illinoi,illinois
illinois,illinois
b,benedictine
be,benedictine
ben,benedictine
bene,benedictine
bened,benedictine
benedi,benedictine
benedic,benedictine
benedict,benedictine
benedicti,benedictine
benedictin,benedictine
benedictine,benedictine
c,college
co,college
col,college
coll,college
colle,college
colleg,college
college,college
w,within
wi,within
wit,within
with,within
withi,within
within,within
t,the
th,the
the,the
6,60
60,60
d,days
da,days
day,days
days,days
f,following
fo,following
fol,following
foll,following
follo,following
follow,following
followi,following
followin,following
following,following
e,each
ea,each
eac,each
each,each
d,date
da,date
dat,date
date,date
y,you
yo,you
you,you
p,prepare
pr,prepare
pre,prepare
prep,prepare
prepa,prepare
prepar,prepare
prepare,prepare
o,or
or,or
w,were
we,were
wer,were
were,were
l,legally
le,legally
leg,legally
lega,legally
legal,legally
legall,legally
legally,legally
r,required
re,required
req,required
requ,required
requi,required
requir,required
require,required
required,required
t,to
to,to
p,prepare
pr,prepare
pre,prepare
prep,prepare
prepa,prepare
prepar,prepare
prepare,prepare
y,your
yo,your
you,your
your,your
a,annual
an,annual
ann,annual
annu,annual
annua,annual
annual,annual
o,or
or,or
e,equivalent
eq,equivalent
equ,equivalent
equi,equivalent
equiv,equivalent
equiva,equivalent
equival,equivalent
equivale,equivalent
equivalen,equivalent
equivalent,equivalent
p,periodic
pe,periodic
per,periodic
peri,periodic
perio,periodic
period,periodic
periodi,periodic
periodic,periodic
t,tax
ta,tax
tax,tax
r,return
re,return
ret,return
retu,return
retur,return
return,return
w,what
wh,what
wha,what
what,what
i,if
if,if
y,you
yo,you
you,you
w,want
wa,want
wan,want
want,want
t,to
to,to
s,send
se,send
sen,send
send,send
m,money
mo,money
mon,money
mone,money
money,money
e,even
ev,even
eve,even
even,even
i,if
if,if
y,you
yo,you
you,you
d,don
do,don
don,don
t,t
h,have
ha,have
hav,have
have,have
t,to
to,to
t,the
th,the
the,the
p,project
pr,project
pro,project
proj,project
proje,project
projec,project
project,project
g,gratefully
gr,gratefully
gra,gratefully
grat,gratefully
grate,gratefully
gratef,gratefully
gratefu,gratefully
grateful,gratefully
gratefull,gratefully
gratefully,gratefully
a,accepts
ac,accepts
acc,accepts
acce,accepts
accep,accepts
accept,accepts
accepts,accepts
c,contributions
co,contributions
con,contributions
cont,contributions
contr,contributions
contri,contributions
contrib,contributions
contribu,contributions
contribut,contributions
contributi,contributions
contributio,contributions
contribution,contributions
contributions,contributions
i,in
in,in
m,money
mo,money
mon,money
mone,money
money,money
t,time
ti,time
tim,time
time,time
s,scanning
sc,scanning
sca,scanning
scan,scanning
scann,scanning
scanni,scanning
scannin,scanning
scanning,scanning
m,machines
ma,machines
mac,machines
mach,machines
machi,machines
machin,machines
machine,machines
machines,machines
o,ocr
oc,ocr
ocr,ocr
s,software
so,software
sof,software
soft,software
softw,software
softwa,software
softwar,software
software,software
p,public
pu,public
pub,public
publ,public
publi,public
public,public
d,domain
do,domain
dom,domain
doma,domain
domai,domain
domain,domain
e,etexts
et,etexts
ete,etexts
etex,etexts
etext,etexts
etexts,etexts
r,royalty
ro,royalty
roy,royalty
roya,royalty
royal,royalty
royalt,royalty
royalty,royalty
f,free
fr,free
fre,free
free,free
c,copyright
co,copyright
cop,copyright
copy,copyright
copyr,copyright
copyri,copyright
copyrig,copyright
copyrigh,copyright
copyright,copyright
l,licenses
li,licenses
lic,licenses
lice,licenses
licen,licenses
licens,licenses
license,licenses
licenses,licenses
a,and
an,and
and,and
e,every
ev,every
eve,every
ever,every
every,every
o,other
ot,other
oth,other
othe,other
other,other
s,sort
so,sort
sor,sort
sort,sort
o,of
of,of
c,contribution
co,contribution
con,contribution
cont,contribution
contr,contribution
contri,contribution
contrib,contribution
contribu,contribution
contribut,contribution
contributi,contribution
contributio,contribution
contribution,contribution
y,you
yo,you
you,you
c,can
ca,can
can,can
t,think
th,think
thi,think
thin,think
think,think
o,of
of,of
m,money
mo,money
mon,money
mone,money
money,money
s,should
sh,should
sho,should
shou,should
shoul,should
should,should
b,be
be,be
p,paid
pa,paid
pai,paid
paid,paid
t,to
to,to
p,project
pr,project
pro,project
proj,project
proje,project
projec,project
project,project
g,gutenberg
gu,gutenberg
gut,gutenberg
gute,gutenberg
guten,gutenberg
gutenb,gutenberg
gutenbe,gutenberg
gutenber,gutenberg
gutenberg,gutenberg
a,association
as,association
ass,association
asso,association
assoc,association
associ,association
associa,association
associat,association
associati,association
associatio,association
association,association
i,illinois
il,illinois
ill,illinois
illi,illinois
illin,illinois
illino,illinois
illinoi,illinois
illinois,illinois
b,benedictine
be,benedictine
ben,benedictine
bene,benedictine
bened,benedictine
benedi,benedictine
benedic,benedictine
benedict,benedictine
benedicti,benedictine
benedictin,benedictine
benedictine,benedictine
c,college
co,college
col,college
coll,college
colle,college
colleg,college
college,college
t,this
th,this
thi,this
this,this
s,small
sm,small
sma,small
smal,small
small,small
p,print
pr,print
pri,print
prin,print
print,print
b,by
by,by
c,charles
ch,charles
cha,charles
char,charles
charl,charles
charle,charles
charles,charles
b,b
k,kramer
kr,kramer
kra,kramer
kram,kramer
krame,kramer
kramer,kramer
a,attorney
at,attorney
att,attorney
atto,attorney
attor,attorney
attorn,attorney
attorne,attorney
attorney,attorney
i,internet
in,internet
int,internet
inte,internet
inter,internet
intern,internet
interne,internet
internet,internet
7,72600
72,72600
726,72600
7260,72600
72600,72600
2,2026
20,2026
202,2026
2026,2026
c,compuserve
co,compuserve
com,compuserve
comp,compuserve
compu,compuserve
compus,compuserve
compuse,compuserve
compuser,compuserve
compuserv,compuserve
compuserve,compuserve
c,com
co,com
com,com
t,tel
te,tel
tel,tel
2,212
21,212
212,212
2,254
25,254
254,254
5,5093
50,5093
509,5093
5093,5093
e,end
en,end
end,end
t,the
th,the
the,the
s,small
sm,small
sma,small
smal,small
small,small
p,print
pr,print
pri,print
prin,print
print,print
f,for
fo,for
for,for
p,public
pu,public
pub,public
publ,public
publi,public
public,public
d,domain
do,domain
dom,domain
doma,domain
domai,domain
domain,domain
e,etexts
et,etexts
ete,etexts
etex,etexts
etext,etexts
etexts,etexts
v,ver
ve,ver
ver,ver
0,04
04,04
2,29
29,29
9,93
93,93
e,end
en,end
end,end
a,all
al,all
all,all
o,of
of,of
t,the
th,the
the,the
o,original
or,original
ori,original
orig,original
origi,original
origin,original
origina,original
original,original
p,project
pr,project
pro,project
proj,project
proje,project
projec,project
project,project
g,gutenberg
gu,gutenberg
gut,gutenberg
gute,gutenberg
guten,gutenberg
gutenb,gutenberg
gutenbe,gutenberg
gutenber,gutenberg
gutenberg,gutenberg
e,etexts
et,etexts
ete,etexts
etex,etexts
etext,etexts
etexts,etexts
f,from
fr,from
fro,from
from,from
t,the
th,the
the,the
1,1970
19,1970
197,1970
1970,1970
s,s
w,were
we,were
wer,were
were,were
p,produced
pr,produced
pro,produced
prod,produced
produ,produced
produc,produced
produce,produced
produced,produced
i,in
in,in
a,all
al,all
all,all
c,caps
ca,caps
cap,caps
caps,caps
n,no
no,no
l,lower
lo,lower
low,lower
lowe,lower
lower,lower
c,case
ca,case
cas,case
case,case
t,the
th,the
the,the
c,computers
co,computers
com,computers
comp,computers
compu,computers
comput,computers
compute,computers
computer,computers
computers,computers
w,we
we,we
u,used
us,used
use,used
used,used
t,then
th,then
the,then
then,then
d,didn
di,didn
did,didn
didn,didn
t,t
h,have
ha,have
hav,have
have,have
l,lower
lo,lower
low,lower
lowe,lower
lower,lower
c,case
ca,case
cas,case
case,case
a,at
at,at
a,all
al,all
all,all
t,these
th,these
the,these
thes,these
these,these
o,original
or,original
ori,original
orig,original
origi,original
origin,original
origina,original
original,original
p,project
pr,project
pro,project
proj,project
proje,project
projec,project
project,project
g,gutenberg
gu,gutenberg
gut,gutenberg
gute,gutenberg
guten,gutenberg
gutenb,gutenberg
gutenbe,gutenberg
gutenber,gutenberg
gutenberg,gutenberg
e,etexts
et,etexts
ete,etexts
etex,etexts
etext,etexts
etexts,etexts
w,will
wi,will
wil,will
will,will
b,be
be,be
c,compiled
co,compiled
com,compiled
comp,compiled
compi,compiled
compil,compiled
compile,compiled
compiled,compiled
i,into
in,into
int,into
into,into
a,a
f,file
fi,file
fil,file
file,file
c,containing
co,containing
con,containing
cont,containing
conta,containing
contai,containing
contain,containing
containi,containing
containin,containing
containing,containing
t,them
th,them
the,them
them,them
a,all
al,all
all,all
i,in
in,in
o,order
or,order
ord,order
orde,order
order,order
t,to
to,to
i,improve
im,improve
imp,improve
impr,improve
impro,improve
improv,improve
improve,improve
t,the
th,the
the,the
c,content
co,content
con,content
cont,content
conte,content
conten,content
content,content
r,ratios
ra,ratios
rat,ratios
rati,ratios
ratio,ratios
ratios,ratios
o,of
of,of
e,etext
et,etext
ete,etext
etex,etext
etext,etext
t,to
to,to
h,header
he,header
hea,header
head,header
heade,header
header,header
m,material
ma,material
mat,material
mate,material
mater,material
materi,material
materia,material
material,material
t,the
th,the
the,the
u,united
un,united
uni,united
unit,united
unite,united
united,united
s,states
st,states
sta,states
stat,states
state,states
states,states
b,bill
bi,bill
bil,bill
bill,bill
o,of
of,of
r,rights
ri,rights
rig,rights
righ,rights
right,rights
rights,rights
t,the
th,the
the,the
t,ten
te,ten
ten,ten
o,original
or,original
ori,original
orig,original
origi,original
origin,original
origina,original
original,original
a,amendments
am,amendments
ame,amendments
amen,amendments
amend,amendments
amendm,amendments
amendme,amendments
amendmen,amendments
amendment,amendments
amendments,amendments
t,to
to,to
t,the
th,the
the,the
c,constitution
co,constitution
con,constitution
cons,constitution
const,constitution
consti,constitution
constit,constitution
constitu,constitution
constitut,constitution
constituti,constitution
constitutio,constitution
constitution,constitution
o,of
of,of
t,the
th,the
the,the
u,united
un,united
uni,united
unit,united
unite,united
united,united
s,states
st,states
sta,states
stat,states
state,states
states,states
p,passed
pa,passed
pas,passed
pass,passed
passe,passed
passed,passed
b,by
by,by
c,congress
co,congress
con,congress
cong,congress
congr,congress
congre,congress
congres,congress
congress,congress
s,september
se,september
sep,september
sept,september
septe,september
septem,september
septemb,september
septembe,september
september,september
2,25
25,25
1,1789
17,1789
178,1789
1789,1789
r,ratified
ra,ratified
rat,ratified
rati,ratified
ratif,ratified
ratifi,ratified
ratifie,ratified
ratified,ratified
d,december
de,december
dec,december
dece,december
decem,december
decemb,december
decembe,december
december,december
1,15
15,15
1,1791
17,1791
179,1791
1791,1791
i,i
c,congress
co,congress
con,congress
cong,congress
congr,congress
congre,congress
congres,congress
congress,congress
s,shall
sh,shall
sha,shall
shal,shall
shall,shall
m,make
ma,make
mak,make
make,make
n,no
no,no
l,law
la,law
law,law
r,respecting
re,respecting
res,respecting
resp,respecting
respe,respecting
respec,respecting
respect,respecting
respecti,respecting
respectin,respecting
respecting,respecting
a,an
an,an
e,establishment
es,establishment
est,establishment
esta,establishment
estab,establishment
establ,establishment
establi,establishment
establis,establishment
establish,establishment
establishm,establishment
establishme,establishment
establishmen,establishment
establishment,establishment
o,of
of,of
r,religion
re,religion
rel,religion
reli,religion
relig,religion
religi,religion
religio,religion
religion,religion
o,or
or,or
p,prohibiting
pr,prohibiting
pro,prohibiting
proh,prohibiting
prohi,prohibiting
prohib,prohibiting
prohibi,prohibiting
prohibit,prohibiting
prohibiti,prohibiting
prohibitin,prohibiting
prohibiting,prohibiting
t,the
th,the
the,the
f,free
fr,free
fre,free
free,free
e,exercise
ex,exercise
exe,exercise
exer,exercise
exerc,exercise
exerci,exercise
exercis,exercise
exercise,exercise
t,thereof
th,thereof
the,thereof
ther,thereof
there,thereof
thereo,thereof
thereof,thereof
o,or
or,or
a,abridging
ab,abridging
abr,abridging
abri,abridging
abrid,abridging
abridg,abridging
abridgi,abridging
abridgin,abridging
abridging,abridging
t,the
th,the
the,the
f,freedom
fr,freedom
fre,freedom
free,freedom
freed,freedom
freedo,freedom
freedom,freedom
o,of
of,of
s,speech
sp,speech
spe,speech
spee,speech
speec,speech
speech,speech
o,or
or,or
o,of
of,of
t,the
th,the
the,the
p,press
pr,press
pre,press
pres,press
press,press
o,or
or,or
t,the
th,the
the,the
r,right
ri,right
rig,right
righ,right
right,right
o,of
of,of
t,the
th,the
the,the
p,people
pe,people
peo,people
peop,people
peopl,people
people,people
p,peaceably
pe,peaceably
pea,peaceably
peac,peaceably
peace,peaceably
peacea,peaceably
peaceab,peaceably
peaceabl,peaceably
peaceably,peaceably
t,to
to,to
a,assemble
as,assemble
ass,assemble
asse,assemble
assem,assemble
assemb,assemble
assembl,assemble
assemble,assemble
a,and
an,and
and,and
t,to
to,to
p,petition
pe,petition
pet,petition
peti,petition
petit,petition
petiti,petition
petitio,petition
petition,petition
t,the
th,the
the,the
g,government
go,government
gov,government
gove,government
gover,government
govern,government
governm,government
governme,government
governmen,government
government,government
f,for
fo,for
for,for
a,a
r,redress
re,redress
red,redress
redr,redress
redre,redress
redres,redress
redress,redress
o,of
of,of
g,grievances
gr,grievances
gri,grievances
grie,grievances
griev,grievances
grieva,grievances
grievan,grievances
grievanc,grievances
grievance,grievances
grievances,grievances
i,ii
ii,ii
a,a
w,well
we,well
wel,well
well,well
r,regulated
re,regulated
reg,regulated
regu,regulated
regul,regulated
regula,regulated
regulat,regulated
regulate,regulated
regulated,regulated
m,militia
mi,militia
mil,militia
mili,militia
milit,militia
militi,militia
militia,militia
b,being
be,being
bei,being
bein,being
being,being
n,necessary
ne,necessary
nec,necessary
nece,necessary
neces,necessary
necess,necessary
necessa,necessary
necessar,necessary
necessary,necessary
t,to
to,to
t,the
th,the
the,the
s,security
se,security
sec,security
secu,security
secur,security
securi,security
securit,security
security,security
o,of
of,of
a,a
f,free
fr,free
fre,free
free,free
s,state
st,state
sta,state
stat,state
state,state
t,the
th,the
the,the
r,right
ri,right
rig,right
righ,right
right,right
o,of
of,of
t,the
th,the
the,the
p,people
pe,people
peo,people
peop,people
peopl,people
people,people
t,to
to,to
k,keep
ke,keep
kee,keep
keep,keep
a,and
an,and
and,and
b,bear
be,bear
bea,bear
bear,bear
a,arms
ar,arms
arm,arms
arms,arms
s,shall
sh,shall
sha,shall
shal,shall
shall,shall
n,not
no,not
not,not
b,be
be,be
i,infringed
in,infringed
inf,infringed
infr,infringed
infri,infringed
infrin,infringed
infring,infringed
infringe,infringed
infringed,infringed
i,iii
ii,iii
iii,iii
n,no
no,no
s,soldier
so,soldier
sol,soldier
sold,soldier
soldi,soldier
soldie,soldier
soldier,soldier
s,shall
sh,shall
sha,shall
shal,shall
shall,shall
i,in
in,in
t,time
ti,time
tim,time
time,time
o,of
of,of
p,peace
pe,peace
pea,peace
peac,peace
peace,peace
b,be
be,be
q,quartered
qu,quartered
qua,quartered
quar,quartered
quart,quartered
quarte,quartered
quarter,quartered
quartere,quartered
quartered,quartered
i,in
in,in
a,any
an,any
any,any
h,house
ho,house
hou,house
hous,house
house,house
w,without
wi,without
wit,without
with,without
witho,without
withou,without
without,without
t,the
th,the
the,the
c,consent
co,consent
con,consent
cons,consent
conse,consent
consen,consent
consent,consent
o,of
of,of
t,the
th,the
the,the
o,owner
ow,owner
own,owner
owne,owner
owner,owner
n,nor
no,nor
nor,nor
i,in
in,in
t,time
ti,time
tim,time
time,time
o,of
of,of
w,war
wa,war
war,war
b,but
bu,but
but,but
i,in
in,in
a,a
m,manner
ma,manner
man,manner
mann,manner
manne,manner
manner,manner
t,to
to,to
b,be
be,be
p,prescribed
pr,prescribed
pre,prescribed
pres,prescribed
presc,prescribed
prescr,prescribed
prescri,prescribed
prescrib,prescribed
prescribe,prescribed
prescribed,prescribed
b,by
by,by
l,law
la,law
law,law
i,iv
iv,iv
t,the
th,the
the,the
r,right
ri,right
rig,right
righ,right
right,right
o,of
of,of
t,the
th,the
the,the
p,people
pe,people
peo,people
peop,people
peopl,people
people,people
t,to
to,to
b,be
be,be
s,secure
se,secure
sec,secure
secu,secure
secur,secure
secure,secure
i,in
in,in
t,their
th,their
the,their
thei,their
their,their
p,persons
pe,persons
per,persons
pers,persons
perso,persons
person,persons
persons,persons
h,houses
ho,houses
hou,houses
hous,houses
house,houses
houses,houses
p,papers
pa,papers
pap,papers
pape,papers
paper,papers
papers,papers
a,and
an,and
and,and
e,effects
ef,effects
eff,effects
effe,effects
effec,effects
effect,effects
effects,effects
a,against
ag,against
aga,against
agai,against
again,against
agains,against
against,against
u,unreasonable
un,unreasonable
unr,unreasonable
unre,unreasonable
unrea,unreasonable
unreas,unreasonable
unreaso,unreasonable
unreason,unreasonable
unreasona,unreasonable
unreasonab,unreasonable
unreasonabl,unreasonable
unreasonable,unreasonable
s,searches
se,searches
sea,searches
sear,searches
searc,searches
search,searches
searche,searches
searches,searches
a,and
an,and
and,and
s,seizures
se,seizures
sei,seizures
seiz,seizures
seizu,seizures
seizur,seizures
seizure,seizures
seizures,seizures
s,shall
sh,shall
sha,shall
shal,shall
shall,shall
n,not
no,not
not,not
b,be
be,be
v,violated
vi,violated
vio,violated
viol,violated
viola,violated
violat,violated
violate,violated
violated,violated
a,and
an,and
and,and
n,no
no,no
w,warrants
wa,warrants
war,warrants
warr,warrants
warra,warrants
warran,warrants
warrant,warrants
warrants,warrants
s,shall
sh,shall
sha,shall
shal,shall
shall,shall
i,issue
is,issue
iss,issue
issu,issue
issue,issue
b,but
bu,but
but,but
u,upon
up,upon
upo,upon
upon,upon
p,probable
pr,probable
pro,probable
prob,probable
proba,probable
probab,probable
probabl,probable
probable,probable
c,cause
ca,cause
cau,cause
caus,cause
cause,cause
s,supported
su,supported
sup,supported
supp,supported
suppo,supported
suppor,supported
support,supported
supporte,supported
supported,supported
b,by
by,by
o,oath
oa,oath
oat,oath
oath,oath
o,or
or,or
a,affirmation
af,affirmation
aff,affirmation
affi,affirmation
affir,affirmation
affirm,affirmation
affirma,affirmation
affirmat,affirmation
affirmati,affirmation
affirmatio,affirmation
affirmation,affirmation
a,and
an,and
and,and
p,particularly
pa,particularly
par,particularly
part,particularly
parti,particularly
partic,particularly
particu,particularly
particul,particularly
particula,particularly
particular,particularly
particularl,particularly
particularly,particularly
d,describing
de,describing
des,describing
desc,describing
descr,describing
descri,describing
describ,describing
describi,describing
describin,describing
describing,describing
t,the
th,the
the,the
p,place
pl,place
pla,place
plac,place
place,place
t,to
to,to
b,be
be,be
s,searched
se,searched
sea,searched
sear,searched
searc,searched
search,searched
searche,searched
searched,searched
a,and
an,and
and,and
t,the
th,the
the,the
p,persons
pe,persons
per,persons
pers,persons
perso,persons
person,persons
persons,persons
o,or
or,or
t,things
th,things
thi,things
thin,things
thing,things
things,things
t,to
to,to
b,be
be,be
s,seized
se,seized
sei,seized
seiz,seized
seize,seized
seized,seized
v,v
n,no
no,no
p,person
pe,person
per,person
pers,person
perso,person
person,person
s,shall
sh,shall
sha,shall
shal,shall
shall,shall
b,be
be,be
h,held
he,held
hel,held
held,held
t,to
to,to
a,answer
an,answer
ans,answer
answ,answer
answe,answer
answer,answer
f,for
fo,for
for,for
a,a
c,capital
ca,capital
cap,capital
capi,capital
capit,capital
capita,capital
capital,capital
o,or
or,or
o,otherwise
ot,otherwise
oth,otherwise
othe,otherwise
other,otherwise
otherw,otherwise
otherwi,otherwise
otherwis,otherwise
otherwise,otherwise
i,infamous
in,infamous
inf,infamous
infa,infamous
infam,infamous
infamo,infamous
infamou,infamous
infamous,infamous
c,crime
cr,crime
cri,crime
crim,crime
crime,crime
u,unless
un,unless
unl,unless
unle,unless
unles,unless
unless,unless
o,on
on,on
a,a
p,presentment
pr,presentment
pre,presentment
pres,presentment
prese,presentment
presen,presentment
present,presentment
presentm,presentment
presentme,presentment
presentmen,presentment
presentment,presentment
o,or
or,or
i,indictment
in,indictment
ind,indictment
indi,indictment
indic,indictment
indict,indictment
indictm,indictment
indictme,indictment
indictmen,indictment
indictment,indictment
o,of
of,of
a,a
g,grand
gr,grand
gra,grand
gran,grand
grand,grand
j,jury
ju,jury
jur,jury
jury,jury
e,except
ex,except
exc,except
exce,except
excep,except
except,except
i,in
in,in
c,cases
ca,cases
cas,cases
case,cases
cases,cases
a,arising
ar,arising
ari,arising
aris,arising
arisi,arising
arisin,arising
arising,arising
i,in
in,in
t,the
th,the
the,the
l,land
la,land
lan,land
land,land
o,or
or,or
n,naval
na,naval
nav,naval
nava,naval
naval,naval
f,forces
fo,forces
for,forces
forc,forces
force,forces
forces,forces
o,or
or,or
i,in
in,in
t,the
th,the
the,the
m,militia
mi,militia
mil,militia
mili,militia
milit,militia
militi,militia
militia,militia
w,when
wh,when
whe,when
when,when
i,in
in,in
a,actual
ac,actual
act,actual
actu,actual
actua,actual
actual,actual
s,service
se,service
ser,service
serv,service
servi,service
servic,service
service,service
i,in
in,in
t,time
ti,time
tim,time
time,time
o,of
of,of
w,war
wa,war
war,war
o,or
or,or
p,public
pu,public
pub,public
publ,public
publi,public
public,public
d,danger
da,danger
dan,danger
dang,danger
dange,danger
danger,danger
n,nor
no,nor
nor,nor
s,shall
sh,shall
sha,shall
shal,shall
shall,shall
a,any
an,any
any,any
p,person
pe,person
per,person
pers,person
perso,person
person,person
b,be
be,be
s,subject
su,subject
sub,subject
subj,subject
subje,subject
subjec,subject
subject,subject
f,for
fo,for
for,for
t,the
th,the
the,the
s,same
sa,same
sam,same
same,same
o,offense
of,offense
off,offense
offe,offense
offen,offense
offens,offense
offense,offense
t,to
to,to
b,be
be,be
t,twice
tw,twice
twi,twice
twic,twice
twice,twice
p,put
pu,put
put,put
i,in
in,in
j,jeopardy
je,jeopardy
jeo,jeopardy
jeop,jeopardy
jeopa,jeopardy
jeopar,jeopardy
jeopard,jeopardy
jeopardy,jeopardy
o,of
of,of
l,life
li,life
lif,life
life,life
o,or
or,or
l,limb
li,limb
lim,limb
limb,limb
n,nor
no,nor
nor,nor
s,shall
sh,shall
sha,shall
shal,shall
shall,shall
b,be
be,be
c,compelled
co,compelled
com,compelled
comp,compelled
compe,compelled
compel,compelled
compell,compelled
compelle,compelled
compelled,compelled
i,in
in,in
a,any
an,any
any,any
c,criminal
cr,criminal
cri,criminal
crim,criminal
crimi,criminal
crimin,criminal
crimina,criminal
criminal,criminal
c,case
ca,case
cas,case
case,case
t,to
to,to
b,be
be,be
a,a
w,witness
wi,witness
wit,witness
witn,witness
witne,witness
witnes,witness
witness,witness
a,against
ag,against
aga,against
agai,against
again,against
agains,against
against,against
h,himself
hi,himself
him,himself
hims,himself
himse,himself
himsel,himself
himself,himself
n,nor
no,nor
nor,nor
b,be
be,be
d,deprived
de,deprived
dep,deprived
depr,deprived
depri,deprived
depriv,deprived
deprive,deprived
deprived,deprived
o,of
of,of
l,life
li,life
lif,life
life,life
l,liberty
li,liberty
lib,liberty
libe,liberty
liber,liberty
libert,liberty
liberty,liberty
o,or
or,or
p,property
pr,property
pro,property
prop,property
prope,property
proper,property
propert,property
property,property
w,without
wi,without
wit,without
with,without
witho,without
withou,without
without,without
d,due
du,due
due,due
p,process
pr,process
pro,process
proc,process
proce,process
proces,process
process,process
o,of
of,of
l,law
la,law
law,law
n,nor
no,nor
nor,nor
s,shall
sh,shall
sha,shall
shal,shall
shall,shall
p,private
pr,private
pri,private
priv,private
priva,private
privat,private
private,private
p,property
pr,property
pro,property
prop,property
prope,property
proper,property
propert,property
property,property
b,be
be,be
t,taken
ta,taken
tak,taken
take,taken
taken,taken
f,for
fo,for
for,for
p,public
pu,public
pub,public
publ,public
publi,public
public,public
u,use
us,use
use,use
w,without
wi,without
wit,without
with,without
witho,without
withou,without
without,without
j,just
ju,just
jus,just
just,just
c,compensation
co,compensation
com,compensation
comp,compensation
compe,compensation
compen,compensation
compens,compensation
compensa,compensation
compensat,compensation
compensati,compensation
compensatio,compensation
compensation,compensation
v,vi
vi,vi
i,in
in,in
a,all
al,all
all,all
c,criminal
cr,criminal
cri,criminal
crim,criminal
crimi,criminal
crimin,criminal
crimina,criminal
criminal,criminal
p,prosecutions
pr,prosecutions
pro,prosecutions
pros,prosecutions
prose,prosecutions
prosec,prosecutions
prosecu,prosecutions
prosecut,prosecutions
prosecuti,prosecutions
prosecutio,prosecutions
prosecution,prosecutions
prosecutions,prosecutions
t,the
th,the
the,the
a,accused
ac,accused
acc,accused
accu,accused
accus,accused
accuse,accused
accused,accused
s,shall
sh,shall
sha,shall
shal,shall
shall,shall
e,enjoy
en,enjoy
enj,enjoy
enjo,enjoy
enjoy,enjoy
t,the
th,the
the,the
r,right
ri,right
rig,right
righ,right
right,right
t,to
to,to
a,a
s,speedy
sp,speedy
spe,speedy
spee,speedy
speed,speedy
speedy,speedy
a,and
an,and
and,and
p,public
pu,public
pub,public
publ,public
publi,public
public,public
t,trial
tr,trial
tri,trial
tria,trial
trial,trial
b,by
by,by
a,an
an,an
i,impartial
im,impartial
imp,impartial
impa,impartial
impar,impartial
impart,impartial
imparti,impartial
impartia,impartial
impartial,impartial
j,jury
ju,jury
jur,jury
jury,jury
o,of
of,of
t,the
th,the
the,the
s,state
st,state
sta,state
stat,state
state,state
a,and
an,and
and,and
d,district
di,district
dis,district
dist,district
distr,district
distri,district
distric,district
district,district
w,wherein
wh,wherein
whe,wherein
wher,wherein
where,wherein
wherei,wherein
wherein,wherein
t,the
th,the
the,the
c,crime
cr,crime
cri,crime
crim,crime
crime,crime
s,shall
sh,shall
sha,shall
shal,shall
shall,shall
h,have
ha,have
hav,have
have,have
b,been
be,been
bee,been
been,been
c,committed
co,committed
com,committed
comm,committed
commi,committed
commit,committed
committ,committed
committe,committed
committed,committed
w,which
wh,which
whi,which
whic,which
which,which
d,district
di,district
dis,district
dist,district
distr,district
distri,district
distric,district
district,district
s,shall
sh,shall
sha,shall
shal,shall
shall,shall
h,have
ha,have
hav,have
have,have
b,been
be,been
bee,been
been,been
p,previously
pr,previously
pre,previously
prev,previously
previ,previously
previo,previously
previou,previously
previous,previously
previousl,previously
previously,previously
a,ascertained
as,ascertained
asc,ascertained
asce,ascertained
ascer,ascertained
ascert,ascertained
ascerta,ascertained
ascertai,ascertained
ascertain,ascertained
ascertaine,ascertained
ascertained,ascertained
b,by
by,by
l,law
la,law
law,law
a,and
an,and
and,and
t,to
to,to
b,be
be,be
i,informed
in,informed
inf,informed
info,informed
infor,informed
inform,informed
informe,informed
informed,informed
o,of
of,of
t,the
th,the
the,the
n,nature
na,nature
nat,nature
natu,nature
natur,nature
nature,nature
a,and
an,and
and,and
c,cause
ca,cause
cau,cause
caus,cause
cause,cause
o,of
of,of
t,the
th,the
the,the
a,accusation
ac,accusation
acc,accusation
accu,accusation
accus,accusation
accusa,accusation
accusat,accusation
accusati,accusation
accusatio,accusation
accusation,accusation
t,to
to,to
b,be
be,be
c,confronted
co,confronted
con,confronted
conf,confronted
confr,confronted
confro,confronted
confron,confronted
confront,confronted
confronte,confronted
confronted,confronted
w,with
wi,with
wit,with
with,with
t,the
th,the
the,the
w,witnesses
wi,witnesses
wit,witnesses
witn,witnesses
witne,witnesses
witnes,witnesses
witness,witnesses
witnesse,witnesses
witnesses,witnesses
a,against
ag,against
aga,against
agai,against
again,against
agains,against
against,against
h,him
hi,him
him,him
t,to
to,to
h,have
ha,have
hav,have
have,have
c,compulsory
co,compulsory
com,compulsory
comp,compulsory
compu,compulsory
compul,compulsory
compuls,compulsory
compulso,compulsory
compulsor,compulsory
compulsory,compulsory
p,process
pr,process
pro,process
proc,process
proce,process
proces,process
process,process
f,for
fo,for
for,for
o,obtaining
ob,obtaining
obt,obtaining
obta,obtaining
obtai,obtaining
obtain,obtaining
obtaini,obtaining
obtainin,obtaining
obtaining,obtaining
w,witnesses
wi,witnesses
wit,witnesses
witn,witnesses
witne,witnesses
witnes,witnesses
witness,witnesses
witnesse,witnesses
witnesses,witnesses
i,in
in,in
h,his
hi,his
his,his
f,favor
fa,favor
fav,favor
favo,favor
favor,favor
a,and
an,and
and,and
t,to
to,to
h,have
ha,have
hav,have
have,have
t,the
th,the
the,the
a,assistance
as,assistance
ass,assistance
assi,assistance
assis,assistance
assist,assistance
assista,assistance
assistan,assistance
assistanc,assistance
assistance,assistance
o,of
of,of
c,counsel
co,counsel
cou,counsel
coun,counsel
couns,counsel
counse,counsel
counsel,counsel
f,for
fo,for
for,for
h,his
hi,his
his,his
d,defense
de,defense
def,defense
defe,defense
defen,defense
defens,defense
defense,defense
v,vii
vi,vii
vii,vii
i,in
in,in
s,suits
su,suits
sui,suits
suit,suits
suits,suits
a,at
at,at
c,common
co,common
com,common
comm,common
commo,common
common,common
l,law
la,law
law,law
w,where
wh,where
whe,where
wher,where
where,where
t,the
th,the
the,the
v,value
va,value
val,value
valu,value
value,value
i,in
in,in
c,controversy
co,controversy
con,controversy
cont,controversy
contr,controversy
contro,controversy
controv,controversy
controve,controversy
controver,controversy
controvers,controversy
controversy,controversy
s,shall
sh,shall
sha,shall
shal,shall
shall,shall
e,exceed
ex,exceed
exc,exceed
exce,exceed
excee,exceed
exceed,exceed
t,twenty
tw,twenty
twe,twenty
twen,twenty
twent,twenty
twenty,twenty
d,dollars
do,dollars
dol,dollars
doll,dollars
dolla,dollars
dollar,dollars
dollars,dollars
t,the
th,the
the,the
r,right
ri,right
rig,right
righ,right
right,right
o,of
of,of
t,trial
tr,trial
tri,trial
tria,trial
trial,trial
b,by
by,by
j,jury
ju,jury
jur,jury
jury,jury
s,shall
sh,shall
sha,shall
shal,shall
shall,shall
b,be
be,be
p,preserved
pr,preserved
pre,preserved
pres,preserved
prese,preserved
preser,preserved
preserv,preserved
preserve,preserved
preserved,preserved
a,and
an,and
and,and
n,no
no,no
f,fact
fa,fact
fac,fact
fact,fact
t,tried
tr,tried
tri,tried
trie,tried
tried,tried
b,by
by,by
a,a
j,jury
ju,jury
jur,jury
jury,jury
s,shall
sh,shall
sha,shall
shal,shall
shall,shall
b,be
be,be
o,otherwise
ot,otherwise
oth,otherwise
othe,otherwise
other,otherwise
otherw,otherwise
otherwi,otherwise
otherwis,otherwise
otherwise,otherwise
r,re
re,re
e,examined
ex,examined
exa,examined
exam,examined
exami,examined
examin,examined
examine,examined
examined,examined
i,in
in,in
a,any
an,any
any,any
c,court
co,court
cou,court
cour,court
court,court
o,of
of,of
t,the
th,the
the,the
u,united
un,united
uni,united
unit,united
unite,united
united,united
s,states
st,states
sta,states
stat,states
state,states
states,states
t,than
th,than
tha,than
than,than
a,according
ac,according
acc,according
acco,according
accor,according
accord,according
accordi,according
accordin,according
according,according
t,to
to,to
t,the
th,the
the,the
r,rules
ru,rules
rul,rules
rule,rules
rules,rules
o,of
of,of
t,the
th,the
the,the
c,common
co,common
com,common
comm,common
commo,common
common,common
l,law
la,law
law,law
v,viii
vi,viii
vii,viii
viii,viii
e,excessive
ex,excessive
exc,excessive
exce,excessive
exces,excessive
excess,excessive
excessi,excessive
excessiv,excessive
excessive,excessive
b,bail
ba,bail
bai,bail
bail,bail
s,shall
sh,shall
sha,shall
shal,shall
shall,shall
n,not
no,not
not,not
b,be
be,be
r,required
re,required
req,required
requ,required
requi,required
requir,required
require,required
required,required
n,nor
no,nor
nor,nor
e,excessive
ex,excessive
exc,excessive
exce,excessive
exces,excessive
excess,excessive
excessi,excessive
excessiv,excessive
excessive,excessive
f,fines
fi,fines
fin,fines
fine,fines
fines,fines
i,imposed
im,imposed
imp,imposed
impo,imposed
impos,imposed
impose,imposed
imposed,imposed
n,nor
no,nor
nor,nor
c,cruel
cr,cruel
cru,cruel
crue,cruel
cruel,cruel
a,and
an,and
and,and
u,unusual
un,unusual
unu,unusual
unus,unusual
unusu,unusual
unusua,unusual
unusual,unusual
p,punishments
pu,punishments
pun,punishments
puni,punishments
punis,punishments
punish,punishments
punishm,punishments
punishme,punishments
punishmen,punishments
punishment,punishments
punishments,punishments
i,inflicted
in,inflicted
inf,inflicted
infl,inflicted
infli,inflicted
inflic,inflicted
inflict,inflicted
inflicte,inflicted
inflicted,inflicted
i,ix
ix,ix
t,the
th,the
the,the
e,enumeration
en,enumeration
enu,enumeration
enum,enumeration
enume,enumeration
enumer,enumeration
enumera,enumeration
enumerat,enumeration
enumerati,enumeration
enumeratio,enumeration
enumeration,enumeration
i,in
in,in
t,the
th,the
the,the
c,constitution
co,constitution
con,constitution
cons,constitution
const,constitution
consti,constitution
constit,constitution
constitu,constitution
constitut,constitution
constituti,constitution
constitutio,constitution
constitution,constitution
o,of
of,of
c,certain
ce,certain
cer,certain
cert,certain
certa,certain
certai,certain
certain,certain
r,rights
ri,rights
rig,rights
righ,rights
right,rights
rights,rights
s,shall
sh,shall
sha,shall
shal,shall
shall,shall
n,not
no,not
not,not
b,be
be,be
c,construed
co,construed
con,construed
cons,construed
const,construed
constr,construed
constru,construed
construe,construed
construed,construed
t,to
to,to
d,deny
de,deny
den,deny
deny,deny
o,or
or,or
d,disparage
di,disparage
dis,disparage
disp,disparage
dispa,disparage
dispar,disparage
dispara,disparage
disparag,disparage
disparage,disparage
o,others
ot,others
oth,others
othe,others
other,others
others,others
r,retained
re,retained
ret,retained
reta,retained
retai,retained
retain,retained
retaine,retained
retained,retained
b,by
by,by
t,the
th,the
the,the
p,people
pe,people
peo,people
peop,people
peopl,people
people,people
x,x
t,the
th,the
the,the
p,powers
po,powers
pow,powers
powe,powers
power,powers
powers,powers
n,not
no,not
not,not
d,delegated
de,delegated
del,delegated
dele,delegated
deleg,delegated
delega,delegated
delegat,delegated
delegate,delegated
delegated,delegated
t,to
to,to
t,the
th,the
the,the
u,united
un,united
uni,united
unit,united
unite,united
united,united
s,states
st,states
sta,states
stat,states
state,states
states,states
b,by
by,by
t,the
th,the
the,the
c,constitution
co,constitution
con,constitution
cons,constitution
const,constitution
consti,constitution
constit,constitution
constitu,constitution
constitut,constitution
constituti,constitution
constitutio,constitution
constitution,constitution
n,nor
no,nor
nor,nor
p,prohibited
pr,prohibited
pro,prohibited
proh,prohibited
prohi,prohibited
prohib,prohibited
prohibi,prohibited
prohibit,prohibited
prohibite,prohibited
prohibited,prohibited
b,by
by,by
i,it
it,it
t,to
to,to
t,the
th,the
the,the
s,states
st,states
sta,states
stat,states
state,states
states,states
a,are
ar,are
are,are
r,reserved
re,reserved
res,reserved
rese,reserved
reser,reserved
reserv,reserved
reserve,reserved
reserved,reserved
t,to
to,to
t,the
th,the
the,the
s,states
st,states
sta,states
stat,states
state,states
states,states
r,respectively
re,respectively
res,respectively
resp,respectively
respe,respectively
respec,respectively
respect,respectively
respecti,respectively
respectiv,respectively
respective,respectively
respectivel,respectively
respectively,respectively
o,or
or,or
t,to
to,to
t,the
th,the
the,the
p,people
pe,people
peo,people
peop,people
peopl,people
people,people
